-- phpMyAdmin SQL Dump
-- version 4.7.4
-- https://www.phpmyadmin.net/
--
-- Хост: 127.0.0.1
-- Время создания: Июн 17 2018 г., 16:14
-- Версия сервера: 10.1.29-MariaDB
-- Версия PHP: 7.2.0

SET SQL_MODE = "NO_AUTO_VALUE_ON_ZERO";
SET AUTOCOMMIT = 0;
START TRANSACTION;
SET time_zone = "+00:00";


/*!40101 SET @OLD_CHARACTER_SET_CLIENT=@@CHARACTER_SET_CLIENT */;
/*!40101 SET @OLD_CHARACTER_SET_RESULTS=@@CHARACTER_SET_RESULTS */;
/*!40101 SET @OLD_COLLATION_CONNECTION=@@COLLATION_CONNECTION */;
/*!40101 SET NAMES utf8mb4 */;

--
-- База данных: `dip_test`
--

-- --------------------------------------------------------

--
-- Структура таблицы `directions`
--

CREATE TABLE `directions` (
  `id` int(11) NOT NULL,
  `title` varchar(255) NOT NULL,
  `code` varchar(255) NOT NULL,
  `faculty_id` int(11) NOT NULL,
  `short` varchar(255) NOT NULL
) ENGINE=InnoDB DEFAULT CHARSET=utf8;

--
-- Дамп данных таблицы `directions`
--

INSERT INTO `directions` (`id`, `title`, `code`, `faculty_id`, `short`) VALUES
(1, 'Агроинженерия\r\n', '35.03.06\r\n', 1, 'АИ\r\n'),
(2, 'Агроинженерия. Профиль \"Машины и оборудование в агробизнесе\"\r\n', '35.03.06\r\n', 1, 'АИ\r\n'),
(3, 'Агроинженерия. Профиль \"Технический сервис машин и оборудования\"\r\n', '35.03.06\r\n', 1, 'АИ\r\n'),
(4, 'Агрономия\r\n', '35.03.04\r\n', 1, 'АГ\r\n'),
(5, 'Агрономия. Профиль \"Агрономия\"\r\n', '35.03.04\r\n', 1, 'АГ\r\n'),
(6, 'Агрономия. Профиль \"Карантин и защита растений\"\r\n', '35.03.04\r\n', 1, 'АГ\r\n'),
(7, 'Агрономия. Профиль \"Плодоовощеводство\"\r\n', '35.03.04\r\n', 1, 'АГ\r\n'),
(8, 'Архитектура\r\n\r\n', '07.03.01\r\n', 2, 'АР\r\n'),
(9, 'Архитектура. Профиль \"Архитектурное проектирование\"\r\n', '07.03.01\r\n', 2, 'АР\r\n'),
(10, 'Архитектура. Профиль \"Проектирование интерьера\"\r\n', '07.03.01\r\n', 2, 'АР\r\n'),
(11, 'Бизнес-информатика\r\n', '38.03.05\r\n', 8, 'БН\r\n'),
(12, 'Бизнес-информатика. Профиль \"Архитектура предприятий\"\r\n', '38.03.05\r\n', 8, 'БН\r\n'),
(13, 'Биология\r\n', '06.03.01\r\n', 4, 'БЛ\r\n'),
(14, 'Биология. Профиль \"Аквакультура\"\r\n', '06.03.01\r\n', 4, 'БЛ\r\n'),
(15, 'Биология. Профиль \"Биоинженерия и биотехнология\"\r\n', '06.03.01\r\n', 4, 'БЛ\r\n'),
(16, 'Биология. Профиль \"Биоинформатика и биоинженерия\"\r\n', '06.03.01\r\n', 4, 'БЛ\r\n'),
(17, 'Биология. Профиль \"Генетика\"\r\n', '06.03.01\r\n', 4, 'БЛ\r\n'),
(18, 'Биология. Профиль \"Ландшафтная дендрология и почвенное проектирование\"\r\n', '06.03.01\r\n', 4, 'БЛ'),
(19, 'Биология. Профиль \"Физиология человека и животных\"\r\n', '06.03.01\r\n', 4, 'БЛ'),
(20, 'Биология. Профиль \"Экология\"\r\n', '06.03.01\r\n', 4, 'БЛ'),
(21, 'Биотехнические системы и технологии\r\n', '12.03.04\r\n', 5, 'ИБ'),
(22, 'Биотехнические системы и технологии. Профиль \"Инженерное дело в медико-биологической практике\"\r\n', '12.03.04\r\n', 5, 'ИБ'),
(23, 'Водные биоресурсы и аквакультура\r\n', '11.14.00\r\n', 4, 'ВБ'),
(24, 'География\r\n', '05.03.02\r\n', 6, 'ГЕ'),
(25, 'География. Профиль \"Рекреационная география и туризм\"\r\n', '05.03.01', 6, 'ГЕ'),
(26, 'Геология\r\n', '05.03.01\r\n', 6, 'ГГ\r\n'),
(27, 'Геология. Профиль \"Геология и геохимия горючих ископаемых\"\r\n', '05.03.01\r\n', 6, 'ГГ\r\n'),
(28, 'Геология. Профиль \"Гидрогеология и инженерная геология\"\r\n', '05.03.01\r\n', 6, 'ГГ\r\n'),
(29, 'Геология. Профиль \"Экологическая геология\"\r\n', '05.03.01\r\n', 6, 'ГГ'),
(30, 'Гостиничное дело\r\n', '43.03.03\r\n', 7, 'ГД\r\n'),
(31, 'Государственное и муниципальное управление\r\n', '38.03.04\r\n', 8, 'ГУ\r\n'),
(32, 'Государственное и муниципальное управление. Профиль \"Государственное и муниципальное управление (с углублённым изучением иностранных языков и правовых дисциплин)\"\r\n', '38.03.03\r\n', 8, 'ГУ\r\n'),
(33, 'Государственное и муниципальное управление. Профиль \"Государственное регулирование в сфере таможенной деятельности\"\r\n', '38.03.03\r\n', 8, 'ГУ\r\n'),
(34, 'Государственное и муниципальное управление (филиал РГРТУ)\r\n', '38.03.04\r\n', 8, 'ГЗ\r\n'),
(35, 'Дизайн\r\n', '54.03.01\r\n', 2, 'ДР\r\n'),
(36, 'Дизайн. Профиль \"Графический дизайн\"\r\n', '54.03.01\r\n', 2, 'ДР'),
(37, 'Дизайн. Профиль \"Дизайн среды\"\r\n', '54.03.01\r\n', 2, 'ДС'),
(40, 'Документоведение и архивоведение\r\n', '46.03.02\r\n', 9, 'ДВ\r\n'),
(41, 'Документоведение и архивоведение. Профиль \"Документирование в органах юстиции\"\r\n	', '46.03.02', 9, 'ДВ\r\n'),
(42, 'Документоведение и архивоведение. Профиль \"Кадровое делопроизводство\"\r\n', '46.03.02\r\n', 9, 'ДВ\r\n'),
(43, 'Журналистика\r\n', '42.03.02\r\n', 10, 'ЖР\r\n'),
(44, 'Журналистика. Профиль \"Периодическая печать\"\r\n', '42.03.02\r\n', 10, 'ЖР\r\n'),
(45, 'Журналистика. Профиль \"Теле- и радиожурналистика\"\r\n', '42.03.02\r\n', 10, 'ЖР\r\n'),
(46, 'Зарубежное регионоведение\r\n', '41.03.01\r\n', 11, 'РВ\r\n'),
(47, 'Зарубежное регионоведение. Профиль \"Азиатские исследования\"\r\n', '41.03.01\r\n', 11, 'РВ\r\n'),
(48, 'Зарубежное регионоведение. Профиль \"Европейские исследования\"\r\n', '41.03.01\r\n', 11, 'РВ\r\n'),
(49, 'Землеустройство и кадастры\r\n', '21.03.02\r\n', 4, 'ЗЕ\r\n'),
(50, 'Землеустройство и кадастры. Профиль \"Земельный кадастр\"\r\n', '21.03.02\r\n', 4, 'ЗЕ\r\n'),
(51, 'Зоотехния\r\n', '36.03.02\r\n', 1, 'ЗТ\r\n'),
(52, 'Зоотехния. Профиль \"Разведение, генетика и селекция животных\"\r\n', '36.03.02\r\n', 1, 'ЗТ\r\n'),
(53, 'Инфокоммуникационные технологии и системы связи\r\n', '11.03.02\r\n', 5, 'ТК\r\n'),
(54, 'Информатика и вычислительная техника\r\n', '09.03.01\r\n', 5, 'ВС\r\n'),
(55, 'Информационная безопасность\r\n', '10.03.01\r\n', 5, 'ЗИ'),
(56, 'Информационные системы и технологии\r\n', '09.03.02\r\n', 5, 'ИТ'),
(57, 'Информационные системы и технологии\r\n', '09.03.02\r\n', 12, 'ИТ'),
(58, 'Информационные системы и технологии. Профиль \"Компьютерная инженерия\"\r\n', '09.03.02\r\n', 5, 'ИТ'),
(59, 'История\r\n', '46.03.01\r\n', 11, 'ИС\r\n'),
(60, 'История. Профиль \"Археология\"\r\n', '46.03.01\r\n', 11, 'ИС\r\n'),
(61, 'История. Профиль \"Историческое краеведение\"\r\n', '46.03.01\r\n', 11, 'ИС\r\n'),
(62, 'Картография и геоинформатика\r\n', '05.03.03\r\n', 6, 'КР\r\n'),
(63, 'Картография и геоинформатика. Профиль \"Геоинформатика\"\r\n', '05.03.03\r\n', 6, 'КР\r\n'),
(64, 'Конфликтология\r\n', '37.03.02\r\n', 13, 'КО\r\n'),
(65, 'Культурология\r\n', '51.03.01\r\n', 14, 'КЛ\r\n'),
(66, 'Лингвистика\r\n', '45.03.02\r\n', 15, 'ЛГ\r\n'),
(67, 'Лингвистика. Профиль \"Перевод и переводоведение (английский язык)\"\r\n', '45.03.02\r\n', 15, 'ЛА\r\n'),
(68, 'Лингвистика. Профиль \"Перевод и переводоведение (итальянский язык)\"\r\n', '45.03.02\r\n', 15, 'ЛИ\r\n'),
(69, 'Лингвистика. Профиль \"Перевод и переводоведение (китайский язык)\"\r\n', '45.03.02\r\n', 15, 'ЛК'),
(70, 'Лингвистика. Профиль \"Перевод и переводоведение (немецкий язык)\"\r\n', '45.03.02\r\n', 15, 'ЛН'),
(71, 'Лингвистика. Профиль \"Перевод и переводоведение (персидский язык)\"\r\n', '45.03.02\r\n', 15, 'ЛФ'),
(72, 'Лингвистика. Профиль \"Перевод и переводоведение (турецкий язык)\"\r\n', '45.03.02\r\n', 15, 'ЛТ'),
(73, 'Лингвистика. Профиль \"Перевод и переводоведение (японский язык)\"\r\n', '45.03.02\r\n', 15, 'ЛЯ'),
(74, 'Математика\r\n', '01.03.01\r\n', 5, 'ПМ'),
(75, 'Математика. Профиль \"Прикладная математика и информатика\"\r\n', '01.03.01\r\n', 5, 'ПМ\r\n'),
(76, 'Математика. Профиль \"Экономика\"\r\n', '01.03.01\r\n', 5, 'ПМ'),
(77, 'Материаловедение и технологии материалов\r\n', '22.03.01\r\n', 16, 'МТ\r\n'),
(78, 'Материаловедение и технологии материалов. Профиль \"Материаловедение и технологии материалов в твердотельной электронике\"\r\n', '22.03.01\r\n', 16, 'МТ\r\n'),
(79, 'Машиностроение\r\n', '15.03.01\r\n', 16, 'ТС\r\n'),
(80, 'Машиностроение. Профиль \"Оборудование и технология сварочного производства\"\r\n', '15.03.01\r\n', 16, 'ТС\r\n'),
(81, 'Международные отношения\r\n', '41.03.05\r\n', 14, 'МЕ\r\n'),
(82, 'Международные отношения. Профиль \"Геополитические процессы и глобализация\"\r\n', '41.03.05\r\n', 14, 'МЕ'),
(83, 'Менеджмент\r\n', '38.03.02\r\n', 8, 'МО'),
(84, 'Менеджмент. Профиль \"Логистика и управление цепями поставок\"\r\n', '38.03.02\r\n', 8, 'МО'),
(85, 'Менеджмент. Профиль \"Маркетинг\"\r\n', '38.03.02\r\n', 8, 'МО'),
(86, 'Менеджмент. Профиль \"Менеджмент в нефтегазовой отрасли\"\r\n\r\n', '38.03.02\r\n', 7, 'МО'),
(87, 'Менеджмент. Профиль \"Менеджмент организации\"\r\n', '38.03.02\r\n', 8, 'МО'),
(88, 'Менеджмент. Профиль \"Менеджмент (с углублённым изучением иностранных языков и правовых дисциплин)\"\r\n', '38.03.02\r\n', 8, 'МО'),
(89, 'Менеджмент. Профиль \"Предприятия агропромышленного комплекса\"\r\n', '38.03.02\r\n', 1, 'ЭУ'),
(90, 'Менеджмент. Профиль \"Таможенный менеджмент\"\r\n', '38.03.02\r\n', 7, 'МО'),
(91, 'Менеджмент. Профиль \"Управление технологическими инновациями\"\r\n', '38.03.02\r\n', 7, 'МО'),
(92, 'Мехатроника и робототехника\r\n', '15.03.06', 16, 'РТ'),
(93, 'Мехатроника и робототехника. Профиль \"Мехатроника\"\r\n', '15.03.06\r\n', 16, 'РТ'),
(94, 'Мехатроника и робототехника. Профиль \"Промышленная робототехника\"\r\n', '15.03.06\r\n', 16, 'РТ'),
(95, 'Организация работы с молодежью\r\n', '39.03.03\r\n', 17, 'РМ\r\n'),
(96, 'Организация работы с молодежью. Профиль \"Социальное управление в молодежной среде\"\r\n', '39.03.03\r\n', 17, 'РМ\r\n'),
(97, 'Педагогика. Профиль \"Социальная педагогика\"\r\n', '05.07.00\r\n', 17, 'СЕ\r\n'),
(98, 'Педагогическое образование. Профили \"Дошкольное и начальное образование\"\r\n', '44.03.05\r\n', 12, 'ДН'),
(99, 'Педагогическое образование. Профили \"Иностранные языки\"\r\n', '44.03.05\r\n', 15, 'ЯИ\r\n'),
(100, 'Педагогическое образование. Профили \"Иностранный язык (английский) и иностранный язык\"\r\n', '44.03.05\r\n', 15, 'АЯ\r\n'),
(101, 'Педагогическое образование. Профили \"Иностранный язык (английский) и иностранный язык (испанский)\"\r\n', '44.03.05\r\n', 15, 'АЯ\r\n'),
(102, 'Педагогическое образование. Профили \"Иностранный язык (английский) и иностранный язык (итальянский)\"\r\n', '44.03.05\r\n', 15, 'АЯ\r\n'),
(103, 'Педагогическое образование. Профили \"Иностранный язык (английский) и иностранный язык (китайский)\"\r\n', '44.03.05\r\n', 15, 'АЯ\r\n'),
(104, 'Педагогическое образование. Профили \"Иностранный язык (английский) и иностранный язык (немецкий)\"\r\n', '44.03.05\r\n', 15, 'АЯ\r\n'),
(105, 'Педагогическое образование. Профили \"Иностранный язык (английский) и иностранный язык (французский)\"\r\n', '44.03.05\r\n', 15, 'АЯ\r\n'),
(106, 'Педагогическое образование. Профили \"Иностранный язык (арабский) и иностранный язык \"\r\n', '44.03.05\r\n', 15, 'АБ\r\n'),
(107, 'Педагогическое образование. Профили \"Иностранный язык (китайский) и иностранный язык\"\r\n', '44.03.05\r\n', 15, 'КИ\r\n'),
(108, 'Педагогическое образование. Профили \"Иностранный язык (китайский) и иностранный язык (английский)\"\r\n', '44.03.05\r\n', 11, 'КИ\r\n'),
(109, 'Педагогическое образование. Профили \"Иностранный язык (китайский) и иностранный язык (испанский)\"\r\n', '44.03.05\r\n', 15, 'КИ\r\n'),
(110, 'Педагогическое образование. Профили \"Иностранный язык (китайский) и иностранный язык (итальянский)\"\r\n', '44.03.05\r\n', 15, 'КИ\r\n'),
(111, 'Педагогическое образование. Профили \"Иностранный язык (китайский) и иностранный язык (немецкий)\"\r\n', '44.03.05\r\n', 15, 'КИ\r\n');

-- --------------------------------------------------------

--
-- Структура таблицы `docs_templates`
--

CREATE TABLE `docs_templates` (
  `id` int(11) NOT NULL,
  `title` varchar(255) NOT NULL,
  `user_id` int(11) NOT NULL,
  `study_level` int(11) NOT NULL,
  `study_type` int(11) DEFAULT NULL,
  `status` int(1) NOT NULL DEFAULT '0',
  `updated` datetime NOT NULL DEFAULT CURRENT_TIMESTAMP,
  `created` datetime NOT NULL DEFAULT CURRENT_TIMESTAMP,
  `comment` text NOT NULL
) ENGINE=InnoDB DEFAULT CHARSET=utf8;

--
-- Дамп данных таблицы `docs_templates`
--

INSERT INTO `docs_templates` (`id`, `title`, `user_id`, `study_level`, `study_type`, `status`, `updated`, `created`, `comment`) VALUES
(2, 'Test 2', 1, 1, 1, 0, '2018-05-09 17:46:45', '2018-05-03 14:15:09', ''),
(3, 'Информатика и вычислительная техника', 6, 1, 1, 0, '2018-05-04 12:40:31', '2018-05-04 12:40:31', ''),
(4, 'Шаблон (бакалавры)', 1, 1, 1, 0, '2018-06-02 19:56:43', '2018-05-04 12:50:51', ''),
(7, 'ОПОП ВС (2018)', 11, 1, NULL, 0, '2018-06-02 20:34:51', '2018-06-02 20:34:51', ''),
(8, 'Тест', 11, 1, NULL, 1, '2018-06-03 21:06:57', '2018-06-02 20:39:14', ''),
(10, 'Тестирование шаблона', 11, 1, NULL, 0, '2018-06-06 01:42:51', '2018-06-05 06:33:09', 'тестируемый шаблон');

-- --------------------------------------------------------

--
-- Структура таблицы `documents`
--

CREATE TABLE `documents` (
  `id` int(11) NOT NULL,
  `title` varchar(255) NOT NULL,
  `user_id` int(11) NOT NULL,
  `template_id` int(11) NOT NULL,
  `accepted_year` int(4) DEFAULT NULL,
  `opop_manager` int(11) NOT NULL,
  `status` int(11) NOT NULL,
  `faculty_id` int(11) NOT NULL,
  `pulpit_id` int(11) NOT NULL,
  `direction_id` int(11) NOT NULL,
  `profile_id` int(11) DEFAULT NULL,
  `comment` text NOT NULL,
  `created` datetime NOT NULL DEFAULT CURRENT_TIMESTAMP,
  `updated` datetime NOT NULL DEFAULT CURRENT_TIMESTAMP,
  `expert_id` int(11) NOT NULL
) ENGINE=InnoDB DEFAULT CHARSET=utf8;

--
-- Дамп данных таблицы `documents`
--

INSERT INTO `documents` (`id`, `title`, `user_id`, `template_id`, `accepted_year`, `opop_manager`, `status`, `faculty_id`, `pulpit_id`, `direction_id`, `profile_id`, `comment`, `created`, `updated`, `expert_id`) VALUES
(3, 'Новый', 1, 2, 2014, 1, 1, 1, 1, 1, 1, '', '2018-05-03 17:17:09', '2018-05-03 17:27:42', 0),
(5, 'sgvsdfv', 1, 2, 2014, 6, 3, 1, 1, 1, 1, '', '2018-05-09 17:38:13', '2018-05-09 17:41:42', 0),
(7, 'ОПОП Тестирование', 6, 4, 2017, 7, 1, 2, 4, 3, 2, '', '2018-05-16 00:25:22', '2018-05-16 00:25:22', 0),
(10, 'tyuiop', 6, 4, 2014, 6, 1, 1, 1, 1, 1, '', '2018-05-22 19:53:31', '2018-05-22 19:53:31', 0),
(11, 'ОПОП тест', 12, 8, 2014, 24, 3, 2, 8, 9, NULL, '', '2018-06-02 21:00:14', '2018-06-02 21:00:14', 0),
(12, 'Test 2', 12, 8, 2014, 26, 1, 1, 1, 1, NULL, '', '2018-06-04 01:06:50', '2018-06-04 01:06:50', 0),
(13, 'Тестируемая ОП', 12, 10, 2014, 27, 1, 1, 1, 1, NULL, 'Грамматические ошибки', '2018-06-05 07:42:09', '2018-06-05 07:42:09', 0),
(15, 'ОПОП ВС (2018) 55898', 12, 8, 2014, 24, 1, 2, 8, 9, NULL, '', '2018-06-17 18:04:48', '2018-06-17 18:04:48', 14);

-- --------------------------------------------------------

--
-- Структура таблицы `doc_parts`
--

CREATE TABLE `doc_parts` (
  `id` int(11) NOT NULL,
  `document_id` int(11) NOT NULL,
  `part_id` int(11) NOT NULL,
  `document` text NOT NULL
) ENGINE=InnoDB DEFAULT CHARSET=utf8;

--
-- Дамп данных таблицы `doc_parts`
--

INSERT INTO `doc_parts` (`id`, `document_id`, `part_id`, `document`) VALUES
(1, 3, 3, '{\"t0\":\"\",\"n1\":\"\",\"l2\":\"<p>erfewrfe</p>\r\n\"}'),
(2, 4, 5, '{\"n0\":\"\",\"t1\":\"\",\"n2\":\"\",\"t3\":\"\",\"t4\":\"\",\"n5\":\"\",\"t6\":\"\",\"n7\":\"\",\"n8\":\"4\",\"n9\":\"8777\",\"n10\":\"6000\",\"n11\":\"2000\",\"n12\":\"2540\",\"t13\":\"ВКР\",\"n14\":\"18\"}'),
(3, 9, 5, '{\"n0\":\"\",\"t1\":\"\",\"n2\":\"\",\"t3\":\"\",\"t4\":\"\",\"n5\":\"\",\"t6\":\"\",\"n7\":\"\",\"n8\":\"4,6\",\"n9\":\"2345\",\"n10\":\"1890\",\"n11\":\"450\",\"n12\":\"1890\",\"t13\":\"ВКР\",\"n14\":\"18\"}'),
(4, 9, 8, '{\"l0\":\"<p>******</p>\r\n\",\"l1\":\"<p>******</p>\r\n\",\"t2\":\"******\",\"n3\":\"240\",\"t4\":\"очной\",\"n5\":\"2\",\"t6\":\"бакалавриата\",\"t7\":\"очной\",\"n8\":\"60\"}'),
(5, 9, 7, '[]'),
(6, 9, 9, '{\"t0\":\"информационных технологий\"}'),
(7, 13, 12, '{\"t0\":\"30.10.2014 N 1402 \\\"Об утверждении федерального государственного образовательного стандарта высшего образования по направлению подготовки \",\"t1\":\"(уровень магистратуры)\\\" (Зарегистрировано в Минюсте России 01.12.2014 N 35027)\"}');

-- --------------------------------------------------------

--
-- Структура таблицы `faculties`
--

CREATE TABLE `faculties` (
  `id` int(11) NOT NULL,
  `title` varchar(255) NOT NULL,
  `short` varchar(255) NOT NULL,
  `code` varchar(255) NOT NULL,
  `manager` int(11) DEFAULT NULL
) ENGINE=InnoDB DEFAULT CHARSET=utf8;

--
-- Дамп данных таблицы `faculties`
--

INSERT INTO `faculties` (`id`, `title`, `short`, `code`, `manager`) VALUES
(1, 'Факультет агробизнеса, технологий и ветеринарной медицины\r\n', 'ФАТиВМ\r\n', '35.03.06\r\n', 12),
(2, 'Факультет архитектуры и дизайна\r\n', 'ФАиД\r\n', '07.03.01\r\n', NULL),
(4, 'Биологический факультет\r\n', 'БФ\r\n', '06.03.01\r\n', NULL),
(5, 'Факультет математики и информационных технологий\r\n', 'ФМиИТ\r\n', '12.03.04\r\n', NULL),
(6, 'Геолого-географический факультет\r\n', 'ГГФ\r\n', '05.03.02\r\n', NULL),
(7, 'Факультет мировой экономики и управления\r\n', 'ФМЭиУ\r\n', '43.03.03\r\n', NULL),
(8, 'Факультет бизнеса и экономики\r\n', 'ФБиЭ\r\n', '38.03.04\r\n', NULL),
(9, 'Юридический факультет\r\n', 'ЮФ\r\n', '46.03.02\r\n', NULL),
(10, 'Факультет филологии и журналистики\r\n', 'ФФиЖ\r\n', '42.03.02\r\n', NULL),
(11, 'Исторический факультет\r\n', 'ИФ\r\n', '41.03.01\r\n', NULL),
(12, 'Филиал АГУ в г. ЗНАМЕНСКЕ\r\n', 'ФМиИТ\r\n', '09.03.02\r\n', NULL),
(13, 'Факультет психологии\r\n', 'ФП\r\n', '37.03.02\r\n', NULL),
(14, 'Факультет социальных коммуникаций\r\n', 'ФСК\r\n', '51.03.01\r\n', NULL),
(15, 'Факультет иностранных языков\r\n', 'ФИЯ\r\n', '45.03.02\r\n', NULL),
(16, 'Физико-технический факультет\r\n', 'ФТФ\r\n', '22.03.01\r\n', NULL),
(17, 'Факультет педагогики,социальной работы\r\n', 'ФПСР\r\n', '39.03.03\r\n', NULL),
(18, 'Факультет физической культуры и спорта\r\n', 'ФФКС\r\n', '44.03.01\r\n', NULL),
(19, 'Химический факультет\r\n', 'ХФ\r\n', '04.03.01\r\n', NULL);

-- --------------------------------------------------------

--
-- Структура таблицы `opop_managers`
--

CREATE TABLE `opop_managers` (
  `id` int(11) NOT NULL,
  `user_id` int(11) NOT NULL,
  `faculty_id` int(11) NOT NULL,
  `pulpit_id` int(11) NOT NULL,
  `direction_id` int(11) NOT NULL,
  `profile_id` int(11) DEFAULT NULL,
  `study_type` int(11) NOT NULL
) ENGINE=InnoDB DEFAULT CHARSET=utf8;

--
-- Дамп данных таблицы `opop_managers`
--

INSERT INTO `opop_managers` (`id`, `user_id`, `faculty_id`, `pulpit_id`, `direction_id`, `profile_id`, `study_type`) VALUES
(1, 3, 1, 1, 1, 1, 1),
(2, 3, 1, 1, 1, 1, 3),
(3, 4, 1, 1, 1, 1, 1),
(4, 5, 1, 1, 1, 1, 1),
(5, 5, 1, 1, 1, 1, 3),
(7, 10, 2, 4, 3, 2, 1),
(22, 6, 5, 20, 6, NULL, 1),
(23, 6, 5, 20, 6, NULL, 1),
(24, 11, 2, 17, 9, 0, 1),
(27, 12, 1, 1, 1, NULL, 1);

-- --------------------------------------------------------

--
-- Структура таблицы `parts`
--

CREATE TABLE `parts` (
  `id` int(11) NOT NULL,
  `template_id` int(11) NOT NULL,
  `title` varchar(255) NOT NULL,
  `document` text NOT NULL,
  `for_teachers` int(1) NOT NULL DEFAULT '0',
  `teachers` varchar(255) DEFAULT NULL
) ENGINE=InnoDB DEFAULT CHARSET=utf8;

--
-- Дамп данных таблицы `parts`
--

INSERT INTO `parts` (`id`, `template_id`, `title`, `document`, `for_teachers`, `teachers`) VALUES
(3, 2, 'Test', '<p style=\"text-align:center\">МИНИСТЕРСТВО ОБРАЗОВАНИЯ И НАУКИ РОССИЙСКОЙ ФЕДЕРАЦИИ</p>\r\n\r\n<p style=\"text-align:center\">&nbsp;</p>\r\n\r\n<p style=\"text-align:center\"><span style=\"font-size:small\">ФЕДЕРАЛЬНОЕ ГОСУДАРСТВЕННОЕ БЮДЖЕТНОЕ ОБРАЗОВАТЕЛЬНОЕ УЧРЕЖДЕНИЕ<br />\r\nВЫСШЕГО ОБРАЗОВАНИЯ </span></p>\r\n\r\n<p style=\"text-align:center\"><span style=\"font-size:small\">&laquo;АСТРАХАНСКИЙ ГОСУДАРСТВЕННЫЙ УНИВЕРСИТЕТ&raquo;</span></p>\r\n\r\n<p style=\"text-align:center\">&nbsp;</p>\r\n\r\n<p style=\"text-align:center\">&nbsp;</p>\r\n\r\n<p style=\"text-align:center\">&nbsp;</p>\r\n\r\n<table cellpadding=\"7\" cellspacing=\"0\" style=\"width:654px\">\r\n	<tbody>\r\n		<tr>\r\n			<td>\r\n			<p style=\"text-align:center\">&laquo;Утверждаю&raquo;</p>\r\n\r\n			<p style=\"text-align:center\">&nbsp;</p>\r\n\r\n			<p style=\"text-align:center\">Первый проректор &ndash; проректор по основной деятельности</p>\r\n\r\n			<p style=\"text-align:center\">_______________ Г.П. Стефанова</p>\r\n\r\n			<p style=\"text-align:center\">&laquo;____&raquo;__________2017 г.</p>\r\n\r\n			<p style=\"text-align:center\">____________________________</p>\r\n\r\n			<p style=\"text-align:center\"><span style=\"font-size:x-small\"><em>номер внутривузовской регистрации</em></span></p>\r\n			</td>\r\n			<td>\r\n			<p style=\"text-align:center\">&nbsp;</p>\r\n			</td>\r\n			<td>\r\n			<p style=\"text-align:center\">&laquo;Согласовано&raquo;</p>\r\n\r\n			<p style=\"text-align:center\">&nbsp;</p>\r\n\r\n			<p style=\"text-align:center\">Председатель Ученого совета</p>\r\n\r\n			<p style=\"text-align:center\">факультета</p>\r\n\r\n			<p style=\"text-align:center\">_______________ Д.А. Жолобов</p>\r\n\r\n			<p style=\"text-align:center\">&laquo; ___ &raquo;______________ 2017 г.</p>\r\n			</td>\r\n		</tr>\r\n	</tbody>\r\n</table>\r\n\r\n<p style=\"text-align:center\">&nbsp;</p>\r\n\r\n<p style=\"text-align:center\">&nbsp;</p>\r\n\r\n<p style=\"text-align:center\">&nbsp;</p>\r\n\r\n<p style=\"text-align:center\">&nbsp;</p>\r\n\r\n<p style=\"text-align:center\"><span style=\"font-size:large\"><strong>ОСНОВНАЯ ПРОФЕССИОНАЛЬНАЯ ОБРАЗОВАТЕЛЬНАЯ ПРОГРАММА ВЫСШЕГО ОБРАЗОВАНИЯ</strong></span></p>\r\n\r\n<p style=\"text-align:center\">&nbsp;</p>\r\n\r\n<table cellpadding=\"7\" cellspacing=\"0\" style=\"width:655px\">\r\n	<tbody>\r\n		<tr>\r\n			<td>\r\n			<p style=\"text-align:center\">Направление подготовки</p>\r\n			</td>\r\n			<td>\r\n			<p style=\"text-align:center\"><strong><span style=\"background-color:#ffff00\">09.04.02 Информационные системы и технологии </span></strong></p>\r\n			</td>\r\n		</tr>\r\n		<tr>\r\n			<td>\r\n			<p style=\"text-align:center\">Направленность (профиль) ОП</p>\r\n			</td>\r\n			<td>\r\n			<p style=\"text-align:center\"><strong>Управление данными</strong></p>\r\n			</td>\r\n		</tr>\r\n		<tr>\r\n			<td>\r\n			<p style=\"text-align:center\">Квалификация (степень)</p>\r\n			</td>\r\n			<td>\r\n			<p style=\"text-align:center\"><strong><span style=\"background-color:#ffff00\">магистр </span></strong></p>\r\n			</td>\r\n		</tr>\r\n		<tr>\r\n			<td>\r\n			<p style=\"text-align:center\">Форма обучения</p>\r\n			</td>\r\n			<td>\r\n			<p style=\"text-align:center\"><strong><span style=\"background-color:#ffff00\">Очная</span></strong></p>\r\n			</td>\r\n		</tr>\r\n		<tr>\r\n			<td>\r\n			<p style=\"text-align:center\">Объем образовательной программы</p>\r\n			</td>\r\n			<td>\r\n			<p style=\"text-align:center\"><strong>120 з.е. </strong></p>\r\n			</td>\r\n		</tr>\r\n		<tr>\r\n			<td>\r\n			<p style=\"text-align:center\">Срок освоения</p>\r\n			</td>\r\n			<td>\r\n			<p style=\"text-align:center\"><strong>2 года</strong></p>\r\n			</td>\r\n		</tr>\r\n		<tr>\r\n			<td>\r\n			<p style=\"text-align:center\">Временной ресурс:</p>\r\n			</td>\r\n			<td>\r\n			<p style=\"text-align:center\">&nbsp;</p>\r\n			</td>\r\n		</tr>\r\n		<tr>\r\n			<td>\r\n			<p style=\"margin-left:0.49in; text-align:center\">всего</p>\r\n			</td>\r\n			<td>\r\n			<p style=\"text-align:center\"><strong>2412</strong><strong> час.</strong></p>\r\n			</td>\r\n		</tr>\r\n		<tr>\r\n			<td>\r\n			<p style=\"margin-left:0.49in; text-align:center\">контактная работа</p>\r\n			</td>\r\n			<td>\r\n			<p style=\"text-align:center\"><strong>794</strong><strong> час.</strong></p>\r\n			</td>\r\n		</tr>\r\n		<tr>\r\n			<td>\r\n			<p style=\"margin-left:0.49in; text-align:center\">самостоятельная работа</p>\r\n			</td>\r\n			<td>\r\n			<p style=\"text-align:center\"><strong>1618</strong><strong> час.</strong></p>\r\n			</td>\r\n		</tr>\r\n		<tr>\r\n			<td>\r\n			<p style=\"margin-left:0.49in; text-align:center\">аудиторные занятия</p>\r\n			</td>\r\n			<td>\r\n			<p style=\"text-align:center\"><strong>794</strong><strong> час.</strong></p>\r\n			</td>\r\n		</tr>\r\n		<tr>\r\n			<td>\r\n			<p style=\"text-align:center\">Государственная итоговая аттестация</p>\r\n			</td>\r\n			<td>\r\n			<p style=\"text-align:center\"><strong>магистерская диссертация </strong></p>\r\n			</td>\r\n		</tr>\r\n		<tr>\r\n			<td>\r\n			<p style=\"text-align:center\">Выпускающие подразделения</p>\r\n			</td>\r\n			<td>\r\n			<p style=\"text-align:center\"><strong>Факультет математики и информационных технологий, кафедра информационных технологий</strong></p>\r\n			</td>\r\n		</tr>\r\n		<tr>\r\n			<td>\r\n			<p style=\"text-align:center\">Декан факультета</p>\r\n			</td>\r\n			<td>\r\n			<p style=\"text-align:center\"><strong>Жолобов Д.А.</strong>, к.т.н., доцент</p>\r\n			</td>\r\n		</tr>\r\n		<tr>\r\n			<td>\r\n			<p style=\"text-align:center\">Руководитель ОП</p>\r\n			</td>\r\n			<td>\r\n			<p style=\"text-align:center\"><strong>Лихтер А.М.</strong>, д.т.н., профессор</p>\r\n			</td>\r\n		</tr>\r\n	</tbody>\r\n</table>\r\n\r\n<p style=\"text-align:center\">&nbsp;</p>\r\n\r\n<p style=\"text-align:center\">&nbsp;</p>\r\n\r\n<p style=\"text-align:center\">Астрахань 2017 г.</p>\r\n\r\n<h1 style=\"text-align:center\">1. ОБЩИЕ ПОЛОЖЕНИЯ</h1>\r\n\r\n<h3 style=\"text-align:center\">1.1. Образовательная программа (ОПОП) подготовки магистра</h3>\r\n\r\n<p style=\"text-align:center\">Образовательная программа магистратуры, реализуемая ФГБОУ&nbsp;ВО &laquo;Астраханский государственный университет&raquo; по направлению подготовки <span style=\"background-color:#ffff00\">09.04.02 Информационные системы и Технологии (Программа Управление данными)</span> представляет собой комплекс основных характеристик образования (объем, содержание, планируемые результаты), организационно-педагогических условий, форм аттестации, который представлен в виде общей характеристики образовательной программы, учебного плана, календарного учебного графика, рабочих программ дисциплин (модулей), программ практик, оценочных средств, методических материалов, иных компонентов, включенных в состав образовательной программы и разработанную университетом с учетом требований рынка труда на основе Федерального государственного образовательного стандарта по соответствующему направлению подготовки высшего образования, утвержденного приказом Министерства образования и науки Российской Федерации от 30.10.2014 N 1402 &quot;Об утверждении федерального государственного образовательного стандарта высшего образования по направлению подготовки <span style=\"background-color:#ffff00\">09.04.02 Информационные системы и технологии (уровень магистратуры)</span>&quot; (Зарегистрировано в Минюсте России 01.12.2014 N 35027).</p>\r\n\r\n<h3 style=\"text-align:center\">1.2. Нормативные документы для разработки образовательной программы</h3>\r\n\r\n<p style=\"text-align:center\">Нормативно-правовую базу разработки ОПОП ВО составляют:</p>\r\n\r\n<ul>\r\n	<li>\r\n	<p style=\"text-align:center\">Федеральный закон РФ &laquo;Об образовании&raquo;</p>\r\n	</li>\r\n	<li>\r\n	<p style=\"text-align:center\">Федеральный государственный образовательный стандарт по направлению подготовки <span style=\"background-color:#ffff00\">09.04.02 Информационные системы и технологии</span></p>\r\n	</li>\r\n	<li>\r\n	<p style=\"text-align:center\">Нормативно-методические документы Минобрнауки РФ</p>\r\n	</li>\r\n	<li>\r\n	<p style=\"text-align:center\">Устав ФГБОУ ВО &laquo;Астраханский государственный университет&raquo;</p>\r\n	</li>\r\n	<li>\r\n	<p style=\"text-align:center\">Другие нормативно-методические документы вуза</p>\r\n	</li>\r\n</ul>\r\n\r\n<h3 style=\"text-align:center\">1.3. Общая характеристика ОПОП магистратуры</h3>\r\n\r\n<h4 style=\"text-align:center\">1.3.1. Цель (миссия) ОПОП</h4>\r\n\r\n<p style=\"text-align:center\">Миссия ОПОП ВО по направлению подготовки <span style=\"background-color:#ffff00\">09.04.02 Информационные системы и технологии</span> заключается в развитии у студентов личностных качеств, а также формирование общекультурных, общепрофессиональных и профессиональных компетенций в соответствии с требованиями ФГОС по данному направлению подготовки.</p>\r\n\r\n<p style=\"text-align:center\">Цели: получение студентами современного образования в области информационных систем и технологий путём формирования у обучающихся определенного набора компетенций, необходимых для дальнейшей профессиональной деятельности, для проведения исследований, разработки программных и аппаратных продуктов жизненно необходимых для российского общества, государства и бизнеса; формирование общекультурных и профессиональных компетенций в соответствии с требованиями ФГОС ВО; обеспечение работоспособности и бесперебойного функционирования автоматизированных; математического, информационного, технического, лингвистического, программного, эргономического, организационного и правового обеспечения информационных систем.</p>\r\n\r\n<ul>\r\n	<li>\r\n	<p style=\"text-align:center\">подготовить <span style=\"background-color:#ffff00\">магистра</span> к успешной работе в избранной сфере деятельности на основе гармоничного сочетания научной, фундаментальной и профессиональной подготовки кадров;</p>\r\n	</li>\r\n	<li>\r\n	<p style=\"text-align:center\">создать условия для овладения общекультурными и профессиональными компетенциями, способствующими его социальной мобильности и устойчивости на рынке труда;</p>\r\n	</li>\r\n	<li>\r\n	<p style=\"text-align:center\">сформировать социально-личностные качества выпускников: целеустремленность, организованность, трудолюбие, коммуникабельность, умение работать в коллективе, ответственность за конечный результат своей профессиональной деятельности, гражданственность, толерантность;</p>\r\n	</li>\r\n	<li>\r\n	<p style=\"text-align:center\">повышение их общей культуры, способности самостоятельно приобретать и применять новые знания и умения.</p>\r\n	</li>\r\n</ul>\r\n\r\n<p style=\"text-align:center\"><a name=\"_Hlk496861929\"></a>При разработке ОПОП учтены требования регионального рынка труда, состояние и перспективы развития сферы информационно-коммуникационных технологий Российской Федерации и ЮФО в том числе. В связи с этим данное направление подготовки кадров перспективно и востребовано в регионе.</p>\r\n\r\n<h4 style=\"text-align:center\">1.3.2. Объем, сроки освоения ОПОП и общая трудоемкость ОПОП в ЗЕ (часах).</h4>\r\n\r\n<p style=\"text-align:center\">Объем программы составляет 120 зачетных единиц (з.е.).</p>\r\n\r\n<p style=\"text-align:center\">Срок получения образования по ОПОП в очной форме обучения в соответствии с ФГОС ВО по данному направлению, включая каникулы, предоставляемые после прохождения государственной итоговой аттестации, независимо от применяемых образовательных технологий, составляет 2 года.</p>\r\n\r\n<p style=\"text-align:center\">Объем программы <span style=\"background-color:#ffff00\">бакалавриата</span> в <span style=\"background-color:#ffff00\">очной</span> форме обучения, реализуемых за один учебный год, составляет 60 з.е.</p>\r\n\r\n<p style=\"text-align:center\">При обучении по индивидуальному плану инвалидов и лиц с ограниченными возможностями здоровья срок получения образования может быть увеличен по их желанию не более чем на 1 год.</p>\r\n\r\n<h3 style=\"text-align:center\">1.4 Требования к уровню подготовки, необходимому для освоения ОПОП (к абитуриенту)</h3>\r\n\r\n<p style=\"text-align:center\">Абитуриент должен иметь документ государственного образца о высшем образовании.</p>\r\n\r\n<p style=\"text-align:center\">Абитуриент должен обладать знаниями в области информационных технологий, должен быть нацелен на получение новых знаний и плодотворную работу в будущем трудовом коллективе.</p>\r\n\r\n<p style=\"text-align:center\">Основные требования к абитуриенту устанавливаются Правилами приема граждан в Астраханский государственный университет.</p>\r\n\r\n<h1 style=\"text-align:center\">2. ХАРАКТЕРИСТИКА ПРОФЕССИОНАЛЬНОЙ ДЕЯТЕЛЬНОСТИ ВЫПУСКНИКА</h1>\r\n\r\n<h3 style=\"text-align:center\">2.1. Область профессиональной деятельности</h3>\r\n\r\n<p style=\"text-align:center\">Область профессиональной деятельности выпускников, освоивших программу <span style=\"background-color:#ffff00\">магистратуры</span><span style=\"background-color:#ffff00\">, </span>включает исследование, разработку, внедрение информационных технологий и систем</p>\r\n\r\n<h3 style=\"text-align:center\">2.2. Объектами профессиональной деятельности</h3>\r\n\r\n<p style=\"text-align:center\">Объектами профессиональной деятельности <span style=\"background-color:#ffff00\">магистров</span> являются: информационные процессы, технологии, системы и сети, их инструментальное (программное, техническое, организационное) обеспечение, способы и методы проектирования, отладки, производства и эксплуатации информационных технологий и систем в областях: машиностроение, приборостроение, наука, техника, образование, медицина, административное управление, юриспруденция, бизнес, предпринимательство, коммерция, менеджмент, банковские системы, безопасность информационных систем, управление технологическими процессами, механика, техническая физика, энергетика, ядерная энергетика, силовая электроника, металлургия, строительство, транспорт, железнодорожный транспорт, связь, телекоммуникации, управление инфокоммуникациями, почтовая связь, химическая промышленность, сельское хозяйство, текстильная и легкая промышленность, пищевая промышленность, медицинские и биотехнологии, горное дело, обеспечение безопасности подземных предприятий и производств, геология, нефтегазовая отрасль, геодезия и картография, геоинформационные системы, лесной комплекс, химико-лесной комплекс, экология, сфера сервиса, системы массовой информации, дизайн, медиаиндустрия, а также предприятия различного профиля и все виды деятельности в условиях экономики информационного общества.</p>\r\n\r\n<h3 style=\"text-align:center\">2.3. Виды профессиональной деятельности</h3>\r\n\r\n<p style=\"text-align:center\">Образовательная программа ориентирована на практико-ориентированный вид/виды профессиональной деятельности как основной/основные.</p>\r\n\r\n<p style=\"text-align:center\">Виды профессиональной деятельности, к которым готовятся выпускники, освоившие программу <span style=\"background-color:#ffff00\">магистратуры:</span>(на выбор выпадающий списочек с варантами(бакалавр, магистратура, специалитет, аспирантура)) проектная, производственно-технологическая; организационно-управленческая, научно-исследовательская, сервисно-эксплуатационная.(списком можно, как красивее будет)</p>\r\n\r\n<h3 style=\"text-align:center\">2.4. Задачи профессиональной деятельности выпускника</h3>\r\n\r\n<p style=\"text-align:center\"><span style=\"background-color:#ffff00\">Магистр</span> по направлению подготовки <span style=\"background-color:#ffff00\">09.04.02 Информационные системы и технологии</span> должен решать следующие профессиональные задачи в соответствии с видами профессиональной деятельности</p>\r\n\r\n<p style=\"text-align:center\"><em><strong>проектная деятельность: </strong></em></p>\r\n\r\n<ul>\r\n	<li>\r\n	<p style=\"text-align:center\">разработка стратегии проектирования, определение целей проектирования, критериев эффективности, ограничений применимости;</p>\r\n	</li>\r\n	<li>\r\n	<p style=\"text-align:center\">концептуальное проектирование информационных систем и технологий;</p>\r\n	</li>\r\n	<li>\r\n	<p style=\"text-align:center\">подготовка заданий на проектирование компонентов информационных систем и технологий на основе методологии системной инженерии;</p>\r\n	</li>\r\n	<li>\r\n	<p style=\"text-align:center\">выбор и внедрение в практику средств автоматизированного проектирования; унификация и типизация проектных решений;</p>\r\n	</li>\r\n</ul>\r\n\r\n<p style=\"text-align:center\"><em><strong>производственно-технологическая деятельность: </strong></em></p>\r\n\r\n<ul>\r\n	<li>\r\n	<p style=\"text-align:center\">авторское сопровождение процессов проектирования, внедрения и сопровождения информационных систем и технологий на производстве;</p>\r\n	</li>\r\n</ul>\r\n\r\n<p style=\"text-align:center\"><em><strong>организационно-управленческая деятельность: </strong></em></p>\r\n\r\n<ul>\r\n	<li>\r\n	<p style=\"text-align:center\">организация взаимодействия коллективов разработчика и заказчика, принятие управленческих решений в условиях различных мнений;</p>\r\n	</li>\r\n	<li>\r\n	<p style=\"text-align:center\">нахождение компромисса между различными требованиями (стоимости, качества, сроков исполнения) как при долгосрочном, так и при краткосрочном планировании, нахождение оптимальных решений;</p>\r\n	</li>\r\n</ul>\r\n\r\n<p style=\"text-align:center\"><em><strong>научно-исследовательская деятельность: </strong></em></p>\r\n\r\n<ul>\r\n	<li>\r\n	<p style=\"text-align:center\">сбор, анализ научно-технической информации, отечественного и зарубежного опыта по тематике исследования;</p>\r\n	</li>\r\n	<li>\r\n	<p style=\"text-align:center\">разработка и исследование теоретических и экспериментальных моделей объектов профессиональной деятельности в областях: машиностроение, приборостроение, наука, техника, образование, медицина, административное управление, юриспруденция, бизнес, предпринимательство, коммерция, менеджмент, банковские системы, безопасность информационных систем, управление технологическими процессами, механика, техническая физика, энергетика, ядерная энергетика, силовая электроника, металлургия, строительство, транспорт, железнодорожный транспорт, связь, телекоммуникации, управление инфокоммуникациями, почтовая связь, химическая промышленность, сельское хозяйство, текстильная и легкая промышленность, пищевая промышленность, медицинские и биотехнологии, горное дело, обеспечение безопасности подземных предприятий и производств, геология, нефтегазовая отрасль, геодезия и картография, геоинформационные системы, лесной комплекс, химико-лесной комплекс, экология, сфера сервиса, системы массовой информации, дизайн, медиаиндустрия, а также предприятия различного профиля и все виды деятельности в условиях экономики информационного общества;</p>\r\n	</li>\r\n	<li>\r\n	<p style=\"text-align:center\">разработка и исследование методик анализа, синтеза, оптимизации и прогнозирования качества процессов функционирования этих объектов;</p>\r\n	</li>\r\n	<li>\r\n	<p style=\"text-align:center\">моделирование процессов и объектов на базе стандартных пакетов автоматизированного проектирования и исследований;</p>\r\n	</li>\r\n	<li>\r\n	<p style=\"text-align:center\">постановка и проведение экспериментов по заданной методике и анализ результатов;</p>\r\n	</li>\r\n	<li>\r\n	<p style=\"text-align:center\">анализ результатов проведения экспериментов, подготовка и составление обзоров, отчетов и научных публикаций; прогнозирование развития информационных систем и технологий;</p>\r\n	</li>\r\n</ul>\r\n\r\n<p style=\"text-align:center\"><em><strong>сервисно-эксплуатационная деятельность</strong></em>: подготовка и обучение персонала.</p>\r\n\r\n<h1 style=\"text-align:center\">3. ТРЕБОВАНИЯ К РЕЗУЛЬТАТАМ ОСВОЕНИЯ ОПОП МАГИСТРАТУРЫ</h1>\r\n\r\n<p style=\"text-align:center\">Результаты освоения ОПОП <span style=\"background-color:#ffff00\">магистратуры</span> определяются приобретаемыми выпускником компетенциями, т.е. способностью применять знания, умения и личностные качества в соответствии с задачами профессиональной деятельности. Состав обязательных общекультурных и общепрофессиональных компетенций выпускника представлен в таблице 1.</p>\r\n\r\n<p style=\"text-align:center\">Таблица 1 &ndash; Компетенции, формируемые в результате освоения ОПОП</p>\r\n\r\n<table cellpadding=\"7\" cellspacing=\"0\" style=\"width:671px\">\r\n	<thead>\r\n		<tr>\r\n			<td>\r\n			<p style=\"text-align:center\">Коды</p>\r\n			</td>\r\n			<td>\r\n			<p style=\"text-align:center\">Название компетенции</p>\r\n			</td>\r\n		</tr>\r\n	</thead>\r\n	<tbody>\r\n		<tr>\r\n			<td>\r\n			<p style=\"text-align:center\"><strong>ОК</strong></p>\r\n			</td>\r\n			<td>\r\n			<p style=\"text-align:center\"><strong>Общекультурные компетенции</strong></p>\r\n			</td>\r\n		</tr>\r\n		<tr>\r\n			<td>\r\n			<p style=\"text-align:center\"><span style=\"font-size:small\">ОК-1</span></p>\r\n			</td>\r\n			<td>\r\n			<p style=\"text-align:center\">способность совершенствовать и развивать свой интеллектуальный и общекультурный уровень</p>\r\n			</td>\r\n		</tr>\r\n		<tr>\r\n			<td>\r\n			<p style=\"text-align:center\"><span style=\"font-size:small\">ОК-2</span></p>\r\n			</td>\r\n			<td>\r\n			<p style=\"text-align:center\">способность к самостоятельному обучению новым методам исследования, к изменению научного и научно-производственного профиля своей профессиональной деятельности</p>\r\n			</td>\r\n		</tr>\r\n		<tr>\r\n			<td>\r\n			<p style=\"text-align:center\"><span style=\"font-size:small\">ОК-3</span></p>\r\n			</td>\r\n			<td>\r\n			<p style=\"text-align:center\">умение свободно пользоваться русским и иностранным языками, как средством делового общения</p>\r\n			</td>\r\n		</tr>\r\n		<tr>\r\n			<td>\r\n			<p style=\"text-align:center\"><span style=\"font-size:small\">ОК-4</span></p>\r\n			</td>\r\n			<td>\r\n			<p style=\"text-align:center\">использование на практике умения и навыки в организации исследовательских и проектных работ, в управлении коллективом</p>\r\n			</td>\r\n		</tr>\r\n		<tr>\r\n			<td>\r\n			<p style=\"text-align:center\"><span style=\"font-size:small\">ОК-5</span></p>\r\n			</td>\r\n			<td>\r\n			<p style=\"text-align:center\">способность проявлять инициативу, в том числе в ситуациях риска, брать на себя всю полноту ответственности</p>\r\n			</td>\r\n		</tr>\r\n		<tr>\r\n			<td>\r\n			<p style=\"text-align:center\"><span style=\"font-size:small\">ОК-6</span></p>\r\n			</td>\r\n			<td>\r\n			<p style=\"text-align:center\">способность самостоятельно приобретать с помощью информационных технологий и использовать в практической деятельности новые знания и умения, в том числе в новых областях знаний, непосредственно не связанных со сферой деятельности</p>\r\n			</td>\r\n		</tr>\r\n		<tr>\r\n			<td>\r\n			<p style=\"text-align:center\"><span style=\"font-size:small\">ОК-7</span></p>\r\n			</td>\r\n			<td>\r\n			<p style=\"text-align:center\">способность к профессиональной эксплуатации современного оборудования и приборов (в соответствии с целями магистерской программы)</p>\r\n			</td>\r\n		</tr>\r\n		<tr>\r\n			<td>\r\n			<p style=\"text-align:center\"><strong>ОПК</strong></p>\r\n			</td>\r\n			<td>\r\n			<p style=\"text-align:center\"><strong>Общепрофессиональные компетенции</strong></p>\r\n			</td>\r\n		</tr>\r\n		<tr>\r\n			<td>\r\n			<p style=\"text-align:center\">ОПК-1</p>\r\n			</td>\r\n			<td>\r\n			<p style=\"text-align:center\">способностью воспринимать математические, естественнонаучные, социально-экономические и профессиональные знания, умением самостоятельно приобретать, развивать и применять их для решения нестандартных задач, в том числе в новой или незнакомой среде и в междисциплинарном контексте</p>\r\n			</td>\r\n		</tr>\r\n		<tr>\r\n			<td>\r\n			<p style=\"text-align:center\">ОПК-2</p>\r\n			</td>\r\n			<td>\r\n			<p style=\"text-align:center\">культурой мышления, способностью выстраивать логику рассуждений и высказываний, основанных на интерпретации данных, интегрированных их разных областей науки и техники, выносить суждения на основании неполных данных</p>\r\n			</td>\r\n		</tr>\r\n		<tr>\r\n			<td>\r\n			<p style=\"text-align:center\">ОПК-3</p>\r\n			</td>\r\n			<td>\r\n			<p style=\"text-align:center\">способностью анализировать и оценивать уровни своих компетенций в сочетании со способностью и готовностью к саморегулированию дальнейшего образования и профессиональной мобильности</p>\r\n			</td>\r\n		</tr>\r\n		<tr>\r\n			<td>\r\n			<p style=\"text-align:center\">ОПК-4</p>\r\n			</td>\r\n			<td>\r\n			<p style=\"text-align:center\">владением, по крайней мере, одним из иностранных языков на уровне социального и профессионального общения, способностью применять специальную лексику и профессиональную терминологию языка</p>\r\n			</td>\r\n		</tr>\r\n		<tr>\r\n			<td>\r\n			<p style=\"text-align:center\">ОПК-5</p>\r\n			</td>\r\n			<td>\r\n			<p style=\"text-align:center\">владением методами и средствами получения, хранения, переработки и трансляции информации посредством современных компьютерных технологий, в том числе в глобальных компьютерных сетях</p>\r\n			</td>\r\n		</tr>\r\n		<tr>\r\n			<td>\r\n			<p style=\"text-align:center\">ОПК-6</p>\r\n			</td>\r\n			<td>\r\n			<p style=\"text-align:center\">способность анализировать профессиональную информацию, выделять в ней главное, структурировать, оформлять и представлять в виде аналитических обзоров с обоснованными выводами и рекомендациями</p>\r\n			</td>\r\n		</tr>\r\n		<tr>\r\n			<td>\r\n			<p style=\"text-align:center\"><strong>ПК</strong></p>\r\n			</td>\r\n			<td>\r\n			<p style=\"text-align:center\"><strong>Профессиональные компетенции</strong></p>\r\n			</td>\r\n		</tr>\r\n		<tr>\r\n			<td>\r\n			<p style=\"text-align:center\">&nbsp;</p>\r\n			</td>\r\n			<td>\r\n			<p style=\"text-align:center\"><em>проектно-конструкторская деятельность </em></p>\r\n			</td>\r\n		</tr>\r\n		<tr>\r\n			<td>\r\n			<p style=\"text-align:center\">ПК-1</p>\r\n			</td>\r\n			<td>\r\n			<p style=\"text-align:center\">умением разрабатывать стратегии проектирования, определением целей проектирования, критериев эффективности, ограничений применимости</p>\r\n			</td>\r\n		</tr>\r\n		<tr>\r\n			<td>\r\n			<p style=\"text-align:center\">ПК-2</p>\r\n			</td>\r\n			<td>\r\n			<p style=\"text-align:center\">умением разрабатывать новые методы и средства проектирования информационных систем</p>\r\n			</td>\r\n		</tr>\r\n		<tr>\r\n			<td>\r\n			<p style=\"text-align:center\">&nbsp;</p>\r\n			</td>\r\n			<td>\r\n			<p style=\"text-align:center\"><em>проектно-технологическая деятельность: </em></p>\r\n			</td>\r\n		</tr>\r\n		<tr>\r\n			<td>\r\n			<p style=\"text-align:center\">ПК-3</p>\r\n			</td>\r\n			<td>\r\n			<p style=\"text-align:center\">умением разрабатывать новые технологии проектирования информационных систем</p>\r\n			</td>\r\n		</tr>\r\n		<tr>\r\n			<td>\r\n			<p style=\"text-align:center\">&nbsp;</p>\r\n			</td>\r\n			<td>\r\n			<p style=\"text-align:center\"><em>производственно-технологическая деятельность: </em></p>\r\n			</td>\r\n		</tr>\r\n		<tr>\r\n			<td>\r\n			<p style=\"text-align:center\">ПК-4</p>\r\n			</td>\r\n			<td>\r\n			<p style=\"text-align:center\">способностью осуществлять авторское сопровождение процессов проектирования, внедрения и сопровождения информационных систем и технологий</p>\r\n			</td>\r\n		</tr>\r\n		<tr>\r\n			<td>\r\n			<p style=\"text-align:center\">&nbsp;</p>\r\n			</td>\r\n			<td>\r\n			<p style=\"text-align:center\"><em>организационно-управленческая деятельность: </em></p>\r\n			</td>\r\n		</tr>\r\n		<tr>\r\n			<td>\r\n			<p style=\"text-align:center\">ПК-5</p>\r\n			</td>\r\n			<td>\r\n			<p style=\"text-align:center\">умением организовывать взаимодействие коллективов разработчика и заказчика, принимать управленческие решения в условиях различных мнений</p>\r\n			</td>\r\n		</tr>\r\n		<tr>\r\n			<td>\r\n			<p style=\"text-align:center\">ПК-6</p>\r\n			</td>\r\n			<td>\r\n			<p style=\"text-align:center\">умением находить компромисс между различными требованиями (стоимости, качества, сроков исполнения) как при долгосрочном, так и при краткосрочном планировании, нахождение оптимальных решений</p>\r\n			</td>\r\n		</tr>\r\n		<tr>\r\n			<td>\r\n			<p style=\"text-align:center\">&nbsp;</p>\r\n			</td>\r\n			<td>\r\n			<p style=\"text-align:center\"><em>научно-исследовательская деятельность</em></p>\r\n			</td>\r\n		</tr>\r\n		<tr>\r\n			<td>\r\n			<p style=\"text-align:center\">ПК-7</p>\r\n			</td>\r\n			<td>\r\n			<p style=\"text-align:center\">способностью осуществлять сбор, анализ научно-технической информации, отечественного и зарубежного опыта по тематике исследования</p>\r\n			</td>\r\n		</tr>\r\n		<tr>\r\n			<td>\r\n			<p style=\"text-align:center\">ПК-8</p>\r\n			</td>\r\n			<td>\r\n			<p style=\"text-align:center\">умением проводить разработку и исследование теоретических и экспериментальных моделей объектов профессиональной деятельности в областях: машиностроение, приборостроение, наука, техника, образование, медицина, административное управление, юриспруденция, бизнес, предпринимательство, коммерция, менеджмент, банковские системы, безопасность информационных систем, управление технологическими процессами, механика, техническая физика, энергетика, ядерная энергетика, силовая электроника, металлургия, строительство, транспорт, железнодорожный транспорт, связь, телекоммуникации, управление инфокоммуникациями, почтовая связь, химическая промышленность, сельское хозяйство, текстильная и легкая промышленность, пищевая промышленность, медицинские и биотехнологии, горное дело, обеспечение безопасности подземных предприятий и производств, геология, нефтегазовая отрасль, геодезия и картография, геоинформационные системы, лесной комплекс, химико-лесной комплекс, экология, сфера сервиса, системы массовой информации, дизайн, медиаиндустрия, а также предприятия различного профиля и все виды деятельности в условиях экономики информационного общества</p>\r\n			</td>\r\n		</tr>\r\n		<tr>\r\n			<td>\r\n			<p style=\"text-align:center\">ПК-9</p>\r\n			</td>\r\n			<td>\r\n			<p style=\"text-align:center\">умением проводить разработку и исследование методик анализа, синтеза, оптимизации и прогнозирования качества процессов функционирования информационных систем и технологий</p>\r\n			</td>\r\n		</tr>\r\n		<tr>\r\n			<td>\r\n			<p style=\"text-align:center\">ПК-10</p>\r\n			</td>\r\n			<td>\r\n			<p style=\"text-align:center\">умением осуществлять моделирование процессов и объектов на базе стандартных пакетов автоматизированного проектирования и исследований</p>\r\n			</td>\r\n		</tr>\r\n		<tr>\r\n			<td>\r\n			<p style=\"text-align:center\">ПК-11</p>\r\n			</td>\r\n			<td>\r\n			<p style=\"text-align:center\">умением осуществлять постановку и проведение экспериментов по заданной методике и анализ результатов</p>\r\n			</td>\r\n		</tr>\r\n		<tr>\r\n			<td>\r\n			<p style=\"text-align:center\">ПК-12</p>\r\n			</td>\r\n			<td>\r\n			<p style=\"text-align:center\">способностью проводить анализ результатов проведения экспериментов, осуществлять выбор оптимальных решений, подготавливать и составлять обзоры, отчеты и научные публикации</p>\r\n			</td>\r\n		</tr>\r\n		<tr>\r\n			<td>\r\n			<p style=\"text-align:center\">ПК-13</p>\r\n			</td>\r\n			<td>\r\n			<p style=\"text-align:center\">способностью прогнозировать развитие информационных систем и технологий</p>\r\n			</td>\r\n		</tr>\r\n		<tr>\r\n			<td>\r\n			<p style=\"text-align:center\">&nbsp;</p>\r\n			</td>\r\n			<td>\r\n			<p style=\"text-align:center\"><em>сервисно-эксплуатационная деятельность</em></p>\r\n			</td>\r\n		</tr>\r\n		<tr>\r\n			<td>\r\n			<p style=\"text-align:center\">ПК-17</p>\r\n			</td>\r\n			<td>\r\n			<p style=\"text-align:center\">готовностью осуществлять подготовку и обучение персонала</p>\r\n			</td>\r\n		</tr>\r\n	</tbody>\r\n</table>\r\n\r\n<h1 style=\"text-align:center\">4. ТРЕБОВАНИЯ К СТРУКТУРЕ ОПОП</h1>\r\n\r\n<p style=\"text-align:center\">Структура программы <span style=\"background-color:#ffff00\">магистратуры</span> включает обязательную часть (базовую) и часть, формируемую участниками образовательных отношений (вариативную).</p>\r\n\r\n<p style=\"text-align:center\">Программа <span style=\"background-color:#ffff00\">магистратуры</span> состоит из следующих блоков:</p>\r\n\r\n<ul>\r\n	<li>\r\n	<p style=\"text-align:center\">Блок 1 &quot;Дисциплины (модули)&quot;, который включает дисциплины (модули), относящиеся к базовой части программы, и дисциплины (модули), относящиеся к ее вариативной части.</p>\r\n	</li>\r\n	<li>\r\n	<p style=\"text-align:center\">Блок 2 &quot;Практики, в том числе научно-исследовательская работа (НИР)&quot;, который в полном объеме относится к вариативной части программы.</p>\r\n	</li>\r\n	<li>\r\n	<p style=\"text-align:center\">Блок 3 &quot;Государственная итоговая аттестация&quot;, который в полном объеме относится к базовой части программы и завершается присвоением квалификации, указанной в перечне специальностей и направлений подготовки высшего образования, утверждаемом Министерством образования и науки Российской Федерации</p>\r\n	</li>\r\n</ul>\r\n\r\n<p style=\"text-align:center\">При разработке программы</p>\r\n', 1, NULL),
(4, 2, 'Test 2', '', 0, NULL),
(5, 4, 'Титульная страница', '<p style=\"text-align:center\">МИНИСТЕРСТВО ОБРАЗОВАНИЯ И НАУКИ РОССИЙСКОЙ ФЕДЕРАЦИИ</p>\r\n\r\n<p style=\"text-align:center\">&nbsp;</p>\r\n\r\n<p style=\"text-align:center\">ФЕДЕРАЛЬНОЕ ГОСУДАРСТВЕННОЕ БЮДЖЕТНОЕ ОБРАЗОВАТЕЛЬНОЕ УЧРЕЖДЕНИЕ ВЫСШЕГО ОБРАЗОВАНИЯ</p>\r\n\r\n<p style=\"text-align:center\">&laquo;АСТРАХАНСКИЙ ГОСУДАРСТВЕННЫЙ УНИВЕРСИТЕТ&raquo;</p>\r\n\r\n<p style=\"text-align:center\">&nbsp;</p>\r\n\r\n<p style=\"text-align:center\">&nbsp;</p>\r\n\r\n<p style=\"text-align:center\">&nbsp;</p>\r\n\r\n<p style=\"text-align:center\">&laquo;Утверждаю&raquo; Первый проректор &ndash; проректор по основной деятельности _______________ Г.П. Стефанова &laquo;[n;0;]&raquo;[t;1;]20[n;2;]&nbsp;г. [t;3;] номер внутривузовской регистрации &laquo;Согласовано&raquo;&nbsp; Председатель Ученого совета факультета [t;4;] &laquo; [n;5;] &raquo;[t;6;] 20[n;7;] г.</p>\r\n\r\n<p style=\"text-align:center\">&nbsp;</p>\r\n\r\n<p style=\"text-align:center\">&nbsp;</p>\r\n\r\n<p style=\"text-align:center\">&nbsp;</p>\r\n\r\n<p style=\"text-align:center\">&nbsp;</p>\r\n\r\n<p style=\"text-align:center\">ОСНОВНАЯ ПРОФЕССИОНАЛЬНАЯ ОБРАЗОВАТЕЛЬНАЯ ПРОГРАММА ВЫСШЕГО ОБРАЗОВАНИЯ</p>\r\n\r\n<p style=\"text-align:center\">&nbsp;</p>\r\n\r\n<p style=\"text-align:center\">Направление подготовки: [direction]</p>\r\n\r\n<p style=\"text-align:center\">Направленность (профиль) ОП: [profile]</p>\r\n\r\n<p style=\"text-align:center\">Квалификация (степень): [studylevel]</p>\r\n\r\n<p style=\"text-align:center\">Форма обучения: [studytype]</p>\r\n\r\n<p style=\"text-align:center\">Объем образовательной</p>\r\n\r\n<p style=\"text-align:center\">программы * з.е.</p>\r\n\r\n<p style=\"text-align:center\">Срок освоения [n;8;] года</p>\r\n\r\n<p style=\"text-align:center\">Временной ресурс:</p>\r\n\r\n<p style=\"text-align:center\">всего [n;9;] час.</p>\r\n\r\n<p style=\"text-align:center\">контактная работа [n;10;]час.</p>\r\n\r\n<p style=\"text-align:center\">самостоятельная работа [n;11;]час.</p>\r\n\r\n<p style=\"text-align:center\">аудиторные занятия [n;12;]час.</p>\r\n\r\n<p style=\"text-align:center\">Государственная итоговая</p>\r\n\r\n<p style=\"text-align:center\">аттестация [t;13;]</p>\r\n\r\n<p style=\"text-align:center\">Выпускающие подразделения: Факультет&nbsp;[faculty], кафедра [pulpit]</p>\r\n\r\n<p style=\"text-align:center\">Декан факультета: [facultymanager]</p>\r\n\r\n<p style=\"text-align:center\">Руководитель ОП: [opopmanager]</p>\r\n\r\n<p style=\"text-align:center\">&nbsp;</p>\r\n\r\n<p style=\"text-align:center\">&nbsp;</p>\r\n\r\n<p style=\"text-align:center\">Астрахань 20[n;14;] г.</p>\r\n', 0, NULL),
(6, 4, 'Общие положения (п. 1.1)', '<h2 style=\"text-align:center\"><strong>ОБЩИЕ ПОЛОЖЕНИЯ</strong></h2>\r\n\r\n<h3 dir=\"ltr\"><strong>1.1. Образовательная программа (ОПОП) подготовки [studylevel]</strong></h3>\r\n\r\n<p><strong>Образовательная программа,&nbsp;реализуемая &nbsp;ФГБОУ&nbsp;ВО &laquo;Астраханский государственный университет&raquo; по направлению подготовки&nbsp; &nbsp;</strong>[direction]&nbsp;<strong>представляет собой комплекс основных характеристик образования (объем, содержание, планируемые результаты), организационно-педагогических условий, форм аттестации, который представлен в виде общей характеристики образовательной программы, учебного плана, календарного учебного графика, рабочих программ дисциплин (модулей), программ практик, оценочных средств, методических материалов, иных компонентов, включенных в состав образовательной программы и разработанную университетом с учетом требований рынка труда на основе Федерального государственного образовательного стандарта по соответствующему направлению подготовки высшего &nbsp;образования, утвержденного приказом Министерства образования и науки Российской Федерации от&nbsp;</strong>[t;]<strong>&nbsp;N </strong>[n;0;]&nbsp;<strong>&quot;Об утверждении федерального государственного образовательного стандарта высшего образования по направлению подготовки </strong>[direction]&nbsp;<strong>&quot; (Зарегистрировано в Минюсте России </strong>[t;]<strong> N </strong>[n;2;]<strong>).</strong></p>\r\n\r\n<p>&nbsp;</p>\r\n', 0, NULL),
(7, 4, 'Общие положения (п. 1.2)', '<h3 dir=\"ltr\"><strong>1.2. Нормативные документы для разработки образовательной программы </strong></h3>\r\n\r\n<p dir=\"ltr\"><strong>Нормативно-правовую базу разработки ОПОП ВО составляют:</strong></p>\r\n\r\n<ul>\r\n	<li dir=\"ltr\">\r\n	<p dir=\"ltr\"><strong>Федеральный закон РФ &laquo;Об образовании&raquo; </strong></p>\r\n	</li>\r\n	<li dir=\"ltr\">\r\n	<p dir=\"ltr\"><strong>Федеральный государственный образовательный стандарт по направлению подготовки </strong>[direction]</p>\r\n	</li>\r\n	<li dir=\"ltr\">\r\n	<p dir=\"ltr\"><strong>Нормативно-методические документы Минобрнауки РФ</strong></p>\r\n	</li>\r\n	<li dir=\"ltr\">\r\n	<p dir=\"ltr\"><strong>Устав ФГБОУ ВО &laquo;Астраханский государственный университет&raquo;</strong></p>\r\n	</li>\r\n	<li dir=\"ltr\">\r\n	<p dir=\"ltr\"><strong>Другие нормативно-методические документы вуза</strong></p>\r\n	</li>\r\n</ul>\r\n', 0, NULL),
(8, 4, 'Общие положения (п.1.3)', '<h3 dir=\"ltr\"><strong>1.3. Общая характеристика ОПОП&nbsp;</strong></h3>\r\n\r\n<h4 dir=\"ltr\"><strong>1.3.1. Цель (миссия) ОПОП</strong></h4>\r\n\r\n<p dir=\"ltr\"><strong>Миссия ОПОП ВО по направлению подготовки </strong>[direction]<strong> заключается в развитии у студентов личностных качеств, а также формирование общекультурных, общепрофессиональных и профессиональных компетенций в соответствии с требованиями ФГОС по данному направлению подготовки.</strong></p>\r\n\r\n<p dir=\"ltr\"><strong>Цели: </strong>[l;0;]<strong>.</strong></p>\r\n\r\n<p dir=\"ltr\">[l;1;]</p>\r\n\r\n<p dir=\"ltr\"><strong>При разработке ОПОП учтены требования регионального рынка труда, </strong>[t;2;].<strong> В связи с этим данное направление подготовки кадров перспективно и востребовано в регионе.</strong></p>\r\n\r\n<h4 dir=\"ltr\"><strong>1.3.2. &nbsp;Объем, сроки освоения ОПОП и общая трудоемкость ОПОП в ЗЕ (часах).</strong></h4>\r\n\r\n<p dir=\"ltr\"><strong>Объем программы составляет </strong>[n;3;]<strong>зачетных единиц (з.е.).</strong></p>\r\n\r\n<p dir=\"ltr\"><strong>Срок получения образования по ОПОП в </strong>[t;4;]&nbsp;<strong>форме обучения в соответствии с ФГОС ВО по данному направлению, включая каникулы, предоставляемые после прохождения государственной итоговой аттестации, независимо от применяемых образовательных технологий, составляет </strong>[n;5;]<strong>года. </strong></p>\r\n\r\n<p dir=\"ltr\"><strong>Объем программы </strong>[t;6;]&nbsp;<strong>в </strong>[t;7;]&nbsp;<strong>форме обучения, реализуемых за один учебный год, составляет </strong>[n;8;]<strong>з.е.</strong></p>\r\n\r\n<p dir=\"ltr\"><strong>При обучении по индивидуальному плану инвалидов и лиц с ограниченными возможностями здоровья срок получения образования может быть увеличен по их желанию не более чем на 1 год.</strong></p>\r\n', 0, NULL),
(9, 4, 'Общие положения (п. 1.4)', '<h3 dir=\"ltr\"><strong>1.4 Требования к уровню подготовки, необходимому для освоения ОПОП (к абитуриенту)</strong></h3>\r\n\r\n<p dir=\"ltr\"><strong>Абитуриент должен иметь документ государственного образца о высшем образовании. </strong></p>\r\n\r\n<p dir=\"ltr\"><strong>Абитуриент должен обладать знаниями в области </strong>[t;0;]<strong>, должен быть нацелен на получение новых знаний и плодотворную работу в будущем трудовом коллективе.</strong></p>\r\n\r\n<p dir=\"ltr\"><strong>Основные требования к абитуриенту устанавливаются Правилами приема граждан в Астраханский государственный университет.</strong></p>\r\n', 0, NULL);
INSERT INTO `parts` (`id`, `template_id`, `title`, `document`, `for_teachers`, `teachers`) VALUES
(10, 8, 'Титульная страница', '<p style=\"margin-left:0cm; margin-right:0cm; text-align:center\"><span style=\"font-size:12pt\"><span style=\"line-height:120%\">МИНИСТЕРСТВО ОБРАЗОВАНИЯ И НАУКИ РОССИЙСКОЙ ФЕДЕРАЦИИ</span></span></p>\r\n\r\n<p style=\"margin-left:0cm; margin-right:0cm; text-align:center\"><span style=\"font-size:12pt\"><span style=\"line-height:120%\"><span style=\"font-size:11.0pt\"><span style=\"line-height:120%\">ФЕДЕРАЛЬНОЕ ГОСУДАРСТВЕННОЕ БЮДЖЕТНОЕ ОБРАЗОВАТЕЛЬНОЕ УЧРЕЖДЕНИЕ<br />\r\nВЫСШЕГО ОБРАЗОВАНИЯ </span></span></span></span></p>\r\n\r\n<p style=\"margin-left:0cm; margin-right:0cm; text-align:center\"><span style=\"font-size:12pt\"><span style=\"line-height:120%\"><span style=\"font-size:11.0pt\"><span style=\"line-height:120%\">&laquo;АСТРАХАНСКИЙ ГОСУДАРСТВЕННЫЙ УНИВЕРСИТЕТ&raquo;</span></span></span></span></p>\r\n\r\n<p style=\"margin-left:0cm; margin-right:0cm; text-align:justify\">&nbsp;</p>\r\n\r\n<p style=\"margin-left:0cm; margin-right:0cm; text-align:justify\">&nbsp;</p>\r\n\r\n<p style=\"margin-left:0cm; margin-right:0cm; text-align:justify\">&nbsp;</p>\r\n\r\n<table cellspacing=\"0\" class=\"Table\" style=\"border-collapse:collapse; border:undefined\">\r\n	<tbody>\r\n		<tr>\r\n			<td style=\"vertical-align:top; width:245.8pt\">\r\n			<p style=\"margin-left:0cm; margin-right:0cm; text-align:center\"><span style=\"font-size:12pt\"><span style=\"line-height:120%\">&laquo;Утверждаю&raquo;</span></span></p>\r\n\r\n			<p style=\"margin-left:0cm; margin-right:0cm; text-align:justify\">&nbsp;</p>\r\n\r\n			<p style=\"margin-left:0cm; margin-right:0cm; text-align:left\"><span style=\"font-size:12pt\"><span style=\"line-height:120%\">Первый проректор &ndash; проректор по основной деятельности</span></span></p>\r\n\r\n			<p style=\"margin-left:0cm; margin-right:0cm; text-align:justify\"><span style=\"font-size:12pt\"><span style=\"line-height:120%\">&nbsp;_______________ </span></span>[t;0;]</p>\r\n\r\n			<p style=\"margin-left:0cm; margin-right:0cm; text-align:justify\"><span style=\"font-size:12pt\"><span style=\"line-height:120%\">&laquo;____&raquo;__________20</span></span>[n;1;]<span style=\"font-size:12pt\"><span style=\"line-height:120%\"> г.</span></span></p>\r\n\r\n			<p style=\"margin-left:0cm; margin-right:0cm; text-align:justify\"><span style=\"font-size:12pt\"><span style=\"line-height:120%\">____________________________</span></span></p>\r\n\r\n			<p style=\"margin-left:0cm; margin-right:0cm; text-align:justify\"><span style=\"font-size:12pt\"><span style=\"line-height:120%\"><em><span style=\"font-size:8.0pt\"><span style=\"line-height:120%\">&nbsp;&nbsp;&nbsp;&nbsp;&nbsp;&nbsp;&nbsp;&nbsp;&nbsp;&nbsp; номер внутривузовской регистрации</span></span></em></span></span></p>\r\n			</td>\r\n			<td style=\"vertical-align:top; width:30.65pt\">\r\n			<p style=\"margin-left:0cm; margin-right:0cm; text-align:justify\">&nbsp;</p>\r\n			</td>\r\n			<td style=\"vertical-align:top; width:213.9pt\">\r\n			<p style=\"margin-left:0cm; margin-right:0cm; text-align:center\"><span style=\"font-size:12pt\"><span style=\"line-height:120%\">&laquo;Согласовано&raquo;</span></span></p>\r\n\r\n			<p style=\"margin-left:0cm; margin-right:0cm; text-align:justify\">&nbsp;</p>\r\n\r\n			<p style=\"margin-left:0cm; margin-right:0cm; text-align:justify\"><span style=\"font-size:12pt\"><span style=\"line-height:120%\">Председатель Ученого совета </span></span></p>\r\n\r\n			<p style=\"margin-left:0cm; margin-right:0cm; text-align:justify\"><span style=\"font-size:12pt\"><span style=\"line-height:120%\">факультета</span></span></p>\r\n\r\n			<p style=\"margin-left:0cm; margin-right:0cm; text-align:justify\"><span style=\"font-size:12pt\"><span style=\"line-height:120%\">_______________ </span></span>[facultymanager]</p>\r\n\r\n			<p style=\"margin-left:0cm; margin-right:0cm; text-align:justify\"><span style=\"font-size:12pt\"><span style=\"line-height:120%\">&laquo; ___ &raquo;______________ 20</span></span>[n;2;]<span style=\"font-size:12pt\"><span style=\"line-height:120%\"> г.</span></span></p>\r\n			</td>\r\n		</tr>\r\n	</tbody>\r\n</table>\r\n\r\n<p style=\"margin-left:0cm; margin-right:0cm; text-align:justify\">&nbsp;</p>\r\n\r\n<p style=\"margin-left:0cm; margin-right:0cm; text-align:justify\">&nbsp;</p>\r\n\r\n<p style=\"margin-left:0cm; margin-right:0cm; text-align:center\">&nbsp;</p>\r\n\r\n<p style=\"margin-left:0cm; margin-right:0cm; text-align:center\">&nbsp;</p>\r\n\r\n<p style=\"margin-left:0cm; margin-right:0cm; text-align:center\"><span style=\"font-size:12pt\"><span style=\"line-height:120%\"><strong><span style=\"font-size:14.0pt\"><span style=\"line-height:120%\">ОСНОВНАЯ ПРОФЕССИОНАЛЬНАЯ ОБРАЗОВАТЕЛЬНАЯ ПРОГРАММА ВЫСШЕГО ОБРАЗОВАНИЯ</span></span></strong></span></span></p>\r\n\r\n<p style=\"margin-left:0cm; margin-right:0cm; text-align:center\">&nbsp;</p>\r\n\r\n<table align=\"center\" cellspacing=\"0\" class=\"Table\" style=\"border-collapse:collapse; border:undefined\">\r\n	<tbody>\r\n		<tr>\r\n			<td style=\"vertical-align:top; width:218.05pt\">\r\n			<p style=\"margin-left:0cm; margin-right:0cm; text-align:justify\"><span style=\"font-size:12pt\"><span style=\"line-height:120%\">Направление подготовки</span></span></p>\r\n			</td>\r\n			<td style=\"vertical-align:top; width:273.55pt\">\r\n			<p style=\"margin-left:0cm; margin-right:0cm; text-align:right\">[direction]<span style=\"font-size:12pt\"><span style=\"line-height:120%\"><strong> </strong></span></span></p>\r\n			</td>\r\n		</tr>\r\n		<tr>\r\n			<td style=\"vertical-align:top; width:218.05pt\">\r\n			<p style=\"margin-left:0cm; margin-right:0cm; text-align:justify\"><span style=\"font-size:12pt\"><span style=\"line-height:120%\">Направленность (профиль) ОП </span></span></p>\r\n			</td>\r\n			<td style=\"vertical-align:top; width:273.55pt\">\r\n			<p style=\"margin-left:0cm; margin-right:0cm; text-align:right\">[profile]</p>\r\n			</td>\r\n		</tr>\r\n		<tr>\r\n			<td style=\"vertical-align:top; width:218.05pt\">\r\n			<p style=\"margin-left:0cm; margin-right:0cm; text-align:justify\"><span style=\"font-size:12pt\"><span style=\"line-height:120%\">Квалификация (степень)</span></span></p>\r\n			</td>\r\n			<td style=\"vertical-align:top; width:273.55pt\">\r\n			<p style=\"margin-left:0cm; margin-right:0cm; text-align:right\">[t;3;]<span style=\"font-size:12pt\"><span style=\"line-height:120%\"><strong> </strong></span></span></p>\r\n			</td>\r\n		</tr>\r\n		<tr>\r\n			<td style=\"vertical-align:top; width:218.05pt\">\r\n			<p style=\"margin-left:0cm; margin-right:0cm; text-align:justify\"><span style=\"font-size:12pt\"><span style=\"line-height:120%\">Форма обучения</span></span></p>\r\n			</td>\r\n			<td style=\"vertical-align:top; width:273.55pt\">\r\n			<p style=\"margin-left:0cm; margin-right:0cm; text-align:right\">[studytype]</p>\r\n			</td>\r\n		</tr>\r\n		<tr>\r\n			<td style=\"vertical-align:top; width:218.05pt\">\r\n			<p style=\"margin-left:0cm; margin-right:0cm; text-align:justify\"><span style=\"font-size:12pt\"><span style=\"line-height:120%\">Объем образовательной программы</span></span></p>\r\n			</td>\r\n			<td style=\"vertical-align:top; width:273.55pt\">\r\n			<p style=\"margin-left:0cm; margin-right:0cm; text-align:right\">[n;4;]<span style=\"font-size:12pt\"><span style=\"line-height:120%\"><strong> з.е.&nbsp;&nbsp;&nbsp;&nbsp;&nbsp;&nbsp;&nbsp;&nbsp;&nbsp;&nbsp;&nbsp;&nbsp;&nbsp;&nbsp;&nbsp;&nbsp;&nbsp;&nbsp;&nbsp;&nbsp;&nbsp;&nbsp;&nbsp;&nbsp;&nbsp;&nbsp;&nbsp;&nbsp;&nbsp;&nbsp;&nbsp;&nbsp;&nbsp;&nbsp;&nbsp;&nbsp;&nbsp;&nbsp;&nbsp;&nbsp;&nbsp;&nbsp;&nbsp;&nbsp;&nbsp;&nbsp;&nbsp;&nbsp;&nbsp;&nbsp;&nbsp;&nbsp;&nbsp;&nbsp;&nbsp;&nbsp;&nbsp;&nbsp;&nbsp;&nbsp;&nbsp;&nbsp;&nbsp;&nbsp;&nbsp;&nbsp;&nbsp;&nbsp;&nbsp;&nbsp;&nbsp;&nbsp;&nbsp;&nbsp;&nbsp;&nbsp;&nbsp;&nbsp;&nbsp;&nbsp;&nbsp;&nbsp;&nbsp;&nbsp;&nbsp;&nbsp;&nbsp;&nbsp;&nbsp;&nbsp;&nbsp;&nbsp;&nbsp;&nbsp;&nbsp;&nbsp;&nbsp;&nbsp;&nbsp;&nbsp;&nbsp;&nbsp;&nbsp;&nbsp;&nbsp;&nbsp;&nbsp;&nbsp;&nbsp;&nbsp;&nbsp;&nbsp;&nbsp;&nbsp;&nbsp;&nbsp;&nbsp;&nbsp;&nbsp;&nbsp;&nbsp;&nbsp;&nbsp;&nbsp;&nbsp;&nbsp;&nbsp;&nbsp;&nbsp;&nbsp;&nbsp;&nbsp;&nbsp;&nbsp;&nbsp;&nbsp;&nbsp;&nbsp;&nbsp;&nbsp;&nbsp;&nbsp;&nbsp;&nbsp;&nbsp;&nbsp;&nbsp;&nbsp;&nbsp;&nbsp;&nbsp;&nbsp;&nbsp;&nbsp;&nbsp;&nbsp;&nbsp;&nbsp;&nbsp;&nbsp;&nbsp;&nbsp;&nbsp;&nbsp;&nbsp;&nbsp;&nbsp;&nbsp;&nbsp;&nbsp;&nbsp;&nbsp;&nbsp;&nbsp;&nbsp;&nbsp;&nbsp;&nbsp;&nbsp;&nbsp;&nbsp;&nbsp;&nbsp;&nbsp;&nbsp;&nbsp;&nbsp;&nbsp;&nbsp;&nbsp;&nbsp;&nbsp;&nbsp;&nbsp;&nbsp;&nbsp;&nbsp;&nbsp;&nbsp;&nbsp;&nbsp;&nbsp;&nbsp;&nbsp;&nbsp;&nbsp;&nbsp;&nbsp;&nbsp;&nbsp;&nbsp;&nbsp;&nbsp;&nbsp;&nbsp;&nbsp;&nbsp;&nbsp;&nbsp;&nbsp;&nbsp; &nbsp;&nbsp;&nbsp;&nbsp;&nbsp;&nbsp;&nbsp;&nbsp;&nbsp;&nbsp;&nbsp;&nbsp;&nbsp;&nbsp;&nbsp;&nbsp;&nbsp;&nbsp;&nbsp;&nbsp;&nbsp;&nbsp;&nbsp;&nbsp;&nbsp;&nbsp;&nbsp;&nbsp;&nbsp;&nbsp;&nbsp;&nbsp;&nbsp;&nbsp;&nbsp;&nbsp;&nbsp;&nbsp;&nbsp;&nbsp;&nbsp;&nbsp;&nbsp;&nbsp;&nbsp;&nbsp;&nbsp;&nbsp;&nbsp;&nbsp;&nbsp;&nbsp;&nbsp;&nbsp;&nbsp;&nbsp;&nbsp;&nbsp;&nbsp;&nbsp;&nbsp;&nbsp;&nbsp;&nbsp;&nbsp;&nbsp;&nbsp;&nbsp;&nbsp;&nbsp;&nbsp;&nbsp;&nbsp;&nbsp;&nbsp;&nbsp;&nbsp;&nbsp;&nbsp;&nbsp;&nbsp;&nbsp;&nbsp;&nbsp;&nbsp;&nbsp;&nbsp;&nbsp;&nbsp;&nbsp;&nbsp;&nbsp;&nbsp;&nbsp;&nbsp;&nbsp;&nbsp;&nbsp;&nbsp;&nbsp;&nbsp;&nbsp;&nbsp;&nbsp;&nbsp;&nbsp;&nbsp;&nbsp;&nbsp;&nbsp;&nbsp;&nbsp;&nbsp;&nbsp;&nbsp;&nbsp;&nbsp;&nbsp;&nbsp;&nbsp;&nbsp;</strong></span></span></p>\r\n			</td>\r\n		</tr>\r\n		<tr>\r\n			<td style=\"vertical-align:top; width:218.05pt\">\r\n			<p style=\"margin-left:0cm; margin-right:0cm; text-align:justify\"><span style=\"font-size:12pt\"><span style=\"line-height:120%\">Срок освоения</span></span></p>\r\n			</td>\r\n			<td style=\"vertical-align:top; width:273.55pt\">\r\n			<p style=\"margin-left:0cm; margin-right:0cm; text-align:right\">[t;5;]</p>\r\n			</td>\r\n		</tr>\r\n		<tr>\r\n			<td style=\"vertical-align:top; width:218.05pt\">\r\n			<p style=\"margin-left:0cm; margin-right:0cm; text-align:justify\"><span style=\"font-size:12pt\"><span style=\"line-height:120%\">Временной ресурс:</span></span></p>\r\n			</td>\r\n			<td style=\"vertical-align:top; width:273.55pt\">\r\n			<p style=\"margin-left:0cm; margin-right:0cm; text-align:right\">&nbsp;</p>\r\n			</td>\r\n		</tr>\r\n		<tr>\r\n			<td style=\"vertical-align:top; width:218.05pt\">\r\n			<p style=\"margin-left:0cm; margin-right:0cm; text-align:justify\"><span style=\"font-size:12pt\"><span style=\"line-height:120%\">всего</span></span></p>\r\n			</td>\r\n			<td style=\"vertical-align:top; width:273.55pt\">\r\n			<p style=\"margin-left:0cm; margin-right:0cm; text-align:right\">[n;6;]<span style=\"font-size:12pt\"><span style=\"line-height:120%\"><strong> час.</strong></span></span></p>\r\n			</td>\r\n		</tr>\r\n		<tr>\r\n			<td style=\"vertical-align:top; width:218.05pt\">\r\n			<p style=\"margin-left:0cm; margin-right:0cm; text-align:justify\"><span style=\"font-size:12pt\"><span style=\"line-height:120%\">контактная работа </span></span></p>\r\n			</td>\r\n			<td style=\"vertical-align:top; width:273.55pt\">\r\n			<p style=\"margin-left:0cm; margin-right:0cm; text-align:right\">[n;7;]<span style=\"font-size:12pt\"><span style=\"line-height:120%\"><strong> час.</strong></span></span></p>\r\n			</td>\r\n		</tr>\r\n		<tr>\r\n			<td style=\"height:21.75pt; vertical-align:top; width:218.05pt\">\r\n			<p style=\"margin-left:0cm; margin-right:0cm; text-align:justify\"><span style=\"font-size:12pt\"><span style=\"line-height:120%\">самостоятельная работа</span></span></p>\r\n			</td>\r\n			<td style=\"height:21.75pt; vertical-align:top; width:273.55pt\">\r\n			<p style=\"margin-left:0cm; margin-right:0cm; text-align:right\">[n;8;]<span style=\"font-size:12pt\"><span style=\"line-height:120%\"><strong> час.</strong></span></span></p>\r\n			</td>\r\n		</tr>\r\n		<tr>\r\n			<td style=\"height:17.65pt; vertical-align:top; width:218.05pt\">\r\n			<p style=\"margin-left:0cm; margin-right:0cm; text-align:justify\"><span style=\"font-size:12pt\"><span style=\"line-height:120%\">аудиторные занятия</span></span></p>\r\n			</td>\r\n			<td style=\"height:17.65pt; vertical-align:top; width:273.55pt\">\r\n			<p style=\"margin-left:0cm; margin-right:0cm; text-align:right\">[n;9;]<span style=\"font-size:12pt\"><span style=\"line-height:120%\"><strong> час.</strong></span></span></p>\r\n			</td>\r\n		</tr>\r\n		<tr>\r\n			<td style=\"vertical-align:top; width:218.05pt\">\r\n			<p style=\"margin-left:0cm; margin-right:0cm; text-align:justify\"><span style=\"font-size:12pt\"><span style=\"line-height:120%\">Государственная итоговая аттестация</span></span></p>\r\n			</td>\r\n			<td style=\"vertical-align:top; width:273.55pt\">\r\n			<p style=\"margin-left:0cm; margin-right:0cm; text-align:right\">[t;10;]<span style=\"font-size:12pt\"><span style=\"line-height:120%\"><strong> </strong></span></span></p>\r\n			</td>\r\n		</tr>\r\n		<tr>\r\n			<td style=\"vertical-align:top; width:218.05pt\">\r\n			<p style=\"margin-left:0cm; margin-right:0cm; text-align:justify\"><span style=\"font-size:12pt\"><span style=\"line-height:120%\">Выпускающие подразделения</span></span></p>\r\n			</td>\r\n			<td style=\"vertical-align:top; width:273.55pt\">\r\n			<p style=\"margin-left:0cm; margin-right:0cm; text-align:right\">[faculty], [pulpit]</p>\r\n			</td>\r\n		</tr>\r\n		<tr>\r\n			<td style=\"vertical-align:top; width:218.05pt\">\r\n			<p style=\"margin-left:0cm; margin-right:0cm; text-align:justify\"><span style=\"font-size:12pt\"><span style=\"line-height:120%\">Декан факультета</span></span></p>\r\n			</td>\r\n			<td style=\"vertical-align:top; width:273.55pt\">\r\n			<p style=\"margin-left:0cm; margin-right:0cm; text-align:right\">[facultymanager]<span style=\"font-size:12pt\"><span style=\"line-height:120%\">, </span></span>[t;11;]</p>\r\n			</td>\r\n		</tr>\r\n		<tr>\r\n			<td style=\"vertical-align:top; width:218.05pt\">\r\n			<p style=\"margin-left:0cm; margin-right:0cm; text-align:justify\"><span style=\"font-size:12pt\"><span style=\"line-height:120%\">Руководитель ОП</span></span></p>\r\n			</td>\r\n			<td style=\"vertical-align:top; width:273.55pt\">\r\n			<p style=\"margin-left:0cm; margin-right:0cm; text-align:right\">[opopmanager]<span style=\"font-size:12pt\"><span style=\"line-height:120%\">, </span></span>[t;12;]</p>\r\n			</td>\r\n		</tr>\r\n	</tbody>\r\n</table>\r\n\r\n<p style=\"margin-left:0cm; margin-right:0cm; text-align:center\">&nbsp;</p>\r\n\r\n<p style=\"margin-left:0cm; margin-right:0cm; text-align:center\">&nbsp;</p>\r\n\r\n<p style=\"text-align:center\"><span style=\"font-size:12.0pt\"><span style=\"line-height:120%\">Астрахань 2017 г.</span></span></p>\r\n', 0, NULL),
(11, 8, 'Общие положения (п. 1.1)', '<h1 style=\"margin-left:0cm; margin-right:0cm; text-align:center\"><span style=\"font-family:Times New Roman,Times,serif\"><span style=\"font-size:14px\"><span style=\"line-height:120%\">1. ОБЩИЕ ПОЛОЖЕНИЯ</span></span></span></h1>\r\n\r\n<h3 style=\"margin-left:0cm; margin-right:0cm; text-align:center\"><span style=\"font-family:Times New Roman,Times,serif\"><span style=\"font-size:14px\"><span style=\"line-height:120%\">1.1. Образовательная программа (ОПОП) подготовки магистра </span></span></span></h3>\r\n\r\n<p style=\"margin-left:0cm; margin-right:0cm; text-align:justify\"><span style=\"font-family:Times New Roman,Times,serif\"><span style=\"font-size:14px\"><span style=\"line-height:120%\">Образовательная программа магистратуры, реализуемая&nbsp; ФГБОУ&nbsp;ВО &laquo;Астраханский государственный университет&raquo; по направлению подготовки&nbsp; </span>[direction]<span style=\"line-height:120%\"><span style=\"background-color:#ffffff\">(</span></span><span style=\"background-color:#ffffff\">[profile]</span><span style=\"line-height:120%\"><span style=\"background-color:#ffffff\">)</span> представляет собой комплекс основных характеристик образования (объем, содержание, планируемые результаты), организационно-педагогических условий, форм аттестации, который представлен в виде общей характеристики образовательной программы, учебного плана, календарного учебного графика, рабочих программ дисциплин (модулей), программ практик, оценочных средств, методических материалов, иных компонентов, включенных в состав образовательной программы и разработанную университетом с учетом требований рынка труда на основе Федерального государственного образовательного стандарта по соответствующему направлению подготовки высшего&nbsp; образования, утвержденного приказом Министерства образования и науки Российской Федерации от </span>[l;0;]</span></span></p>\r\n', 0, NULL),
(12, 10, 'Общие положения (п. 1.1)', '<h1 style=\"text-align:center\"><strong><span style=\"font-size:14px\">1. ОБЩИЕ ПОЛОЖЕНИЯ</span></strong></h1>\r\n\r\n<h3 style=\"text-align:center\"><span style=\"font-size:14px\">1.1. Образовательная программа (ОПОП) подготовки магистра</span></h3>\r\n\r\n<p style=\"text-align:justify\">&nbsp; &nbsp; <span style=\"font-size:14px\">&nbsp; &nbsp; &nbsp;</span><span style=\"font-size:12px\"> Образовательная программа магистратуры, реализуемая&nbsp; ФГБОУ&nbsp;ВО &laquo;Астраханский государственный университет&raquo; по направлению подготовки&nbsp; [direction] ([profile]) представляет собой комплекс основных характеристик образования (объем, содержание, планируемые результаты), организационно-педагогических условий, форм аттестации, который представлен в виде общей характеристики образовательной программы, учебного плана, календарного учебного графика, рабочих программ дисциплин (модулей), программ практик, оценочных средств, методических материалов, иных компонентов, включенных в состав образовательной программы и разработанную университетом с учетом требований рынка труда на основе Федерального государственного образовательного стандарта по соответствующему направлению подготовки высшего&nbsp; образования, утвержденного приказом Министерства образования и науки Российской Федерации от [t;0;][direction][t;1;].</span></p>\r\n\r\n<h3 style=\"margin-left:0cm; margin-right:0cm; text-align:center\"><span style=\"font-size:14px\"><span style=\"line-height:120%\"><span style=\"font-family:&quot;Times New Roman&quot;,serif\">1.3. Общая характеристика ОПОП магистратуры </span></span></span></h3>\r\n\r\n<h4 style=\"margin-left:0cm; margin-right:0cm; text-align:center\"><span style=\"font-size:12px\"><span style=\"line-height:120%\"><span style=\"font-family:&quot;Times New Roman&quot;,serif\"><em>1.3.1. Цель (миссия) ОПОП</em></span></span></span></h4>\r\n\r\n<p style=\"margin-left:0cm; margin-right:0cm; text-align:justify\"><span style=\"font-size:12px\"><span style=\"line-height:120%\"><span style=\"font-family:&quot;Times New Roman&quot;,serif\">Миссия ОПОП ВО по направлению подготовки 09.04.02 Информационные системы и технологии заключается в развитии у студентов личностных качеств, а также формирование общекультурных, общепрофессиональных и профессиональных компетенций в соответствии с требованиями ФГОС по данному направлению подготовки.</span></span></span></p>\r\n\r\n<p style=\"margin-left:0cm; margin-right:0cm; text-align:justify\"><span style=\"font-size:12px\"><span style=\"line-height:120%\"><span style=\"font-family:&quot;Times New Roman&quot;,serif\">Цели: получение студентами современного образования в области информационных систем и технологий путём формирования у обучающихся определенного набора компетенций, необходимых для дальнейшей профессиональной деятельности, для проведения исследований, разработки программных и аппаратных продуктов жизненно необходимых для российского общества,&nbsp; государства и бизнеса; формирование общекультурных и профессиональных компетенций в соответствии с требованиями ФГОС ВО; обеспечение работоспособности и бесперебойного функционирования автоматизированных; математического, информационного, технического, лингвистического, программного, эргономического, организационного и правового обеспечения информационных систем.</span></span></span></p>\r\n\r\n<ul>\r\n	<li style=\"text-align:justify\"><span style=\"font-size:12px\"><span style=\"line-height:120%\"><span style=\"font-family:&quot;Times New Roman&quot;,serif\">подготовить магистра к успешной работе в избранной сфере деятельности на основе гармоничного сочетания научной, фундаментальной и профессиональной подготовки кадров; </span></span></span></li>\r\n	<li style=\"text-align:justify\"><span style=\"font-size:12px\"><span style=\"line-height:120%\"><span style=\"font-family:&quot;Times New Roman&quot;,serif\">создать условия для овладения общекультурными и профессиональными компетенциями, способствующими его социальной мобильности и устойчивости на рынке труда; </span></span></span></li>\r\n	<li style=\"text-align:justify\"><span style=\"font-size:12px\"><span style=\"line-height:120%\"><span style=\"font-family:&quot;Times New Roman&quot;,serif\">сформировать социально-личностные качества выпускников: целеустремленность, организованность, трудолюбие, коммуникабельность, умение работать в коллективе, ответственность за конечный результат своей профессиональной деятельности, гражданственность, толерантность; </span></span></span></li>\r\n	<li style=\"text-align:justify\"><span style=\"font-size:12px\"><span style=\"line-height:120%\"><span style=\"font-family:&quot;Times New Roman&quot;,serif\">повышение их общей культуры, способности самостоятельно приобретать и применять новые знания и умения.</span></span></span></li>\r\n</ul>\r\n\r\n<p><span style=\"font-size:12px\"><span style=\"line-height:120%\"><span style=\"font-family:&quot;Times New Roman&quot;,serif\">При разработке </span></span><span style=\"line-height:120%\"><span style=\"font-family:&quot;Times New Roman&quot;,serif\">ОПОП учтены требования регионального рынка труда, состояние и перспективы развития сферы информационно-коммуникационных технологий Российской Федерации и ЮФО в том числе. В связи с этим данное направление подготовки кадров перспективно и востребовано в регионе.</span></span></span></p>\r\n', 0, NULL);

-- --------------------------------------------------------

--
-- Структура таблицы `posts`
--

CREATE TABLE `posts` (
  `id` int(11) NOT NULL,
  `title` varchar(255) NOT NULL
) ENGINE=InnoDB DEFAULT CHARSET=utf8;

--
-- Дамп данных таблицы `posts`
--

INSERT INTO `posts` (`id`, `title`) VALUES
(1, 'Доцент'),
(2, 'Профессор');

-- --------------------------------------------------------

--
-- Структура таблицы `posts_users`
--

CREATE TABLE `posts_users` (
  `id` int(11) NOT NULL,
  `post_id` int(11) NOT NULL,
  `user_id` int(11) NOT NULL
) ENGINE=InnoDB DEFAULT CHARSET=utf8;

--
-- Дамп данных таблицы `posts_users`
--

INSERT INTO `posts_users` (`id`, `post_id`, `user_id`) VALUES
(1, 2, 2),
(2, 2, 3),
(3, 1, 4),
(4, 2, 5),
(5, 1, 6),
(6, 1, 7),
(7, 1, 8),
(8, 0, 11),
(9, 0, 12),
(10, 0, 13),
(11, 0, 14),
(12, 0, 15);

-- --------------------------------------------------------

--
-- Структура таблицы `profiles`
--

CREATE TABLE `profiles` (
  `id` int(11) NOT NULL,
  `title` varchar(255) NOT NULL,
  `direction_id` int(11) NOT NULL
) ENGINE=InnoDB DEFAULT CHARSET=utf8;

--
-- Дамп данных таблицы `profiles`
--

INSERT INTO `profiles` (`id`, `title`, `direction_id`) VALUES
(1, 'Управление данными', 1),
(2, 'Ввод данных', 3);

-- --------------------------------------------------------

--
-- Структура таблицы `pulpits`
--

CREATE TABLE `pulpits` (
  `id` int(11) NOT NULL,
  `title` varchar(255) NOT NULL,
  `code` varchar(255) NOT NULL,
  `faculty_id` int(11) NOT NULL,
  `short` varchar(255) NOT NULL,
  `manager` int(11) DEFAULT NULL
) ENGINE=InnoDB DEFAULT CHARSET=utf8;

--
-- Дамп данных таблицы `pulpits`
--

INSERT INTO `pulpits` (`id`, `title`, `code`, `faculty_id`, `short`, `manager`) VALUES
(1, 'Кафедра агро-биотехнологий, инженерии и агробизнеса\r\n', '1', 1, 'hz', NULL),
(2, 'Кафедра аналитической и физической химии\r\n', '1', 19, 'hz', NULL),
(3, 'Кафедра английского языка для гуманитарных специальностей\r\n', '1', 15, 'hz', NULL),
(4, 'Кафедра английского языка для ФСК и ЮФ\r\n', '1', 14, 'hz', NULL),
(5, 'Кафедра английского языка для экономических специальностей\r\n', '1', 15, 'hz', NULL),
(6, 'Кафедра английского языка и технического перевода\r\n', '1', 5, 'hz', NULL),
(7, 'Кафедра английской филологии\r\n', '1', 15, 'hz', NULL),
(8, 'Кафедра архитектуры\r\n', '1', 2, 'hz', NULL),
(9, 'Кафедра биомедицинской техники и технологии ФМИТ на базе ГБУЗ АО АМОКБ и ГБУ АО Управления по матер-тех.обслуживанию\r\n', '1', 5, 'hz', NULL),
(10, 'Кафедра биотехнологии,зоологии и аквакультуры\r\n', '1', 4, 'hz', NULL),
(13, 'Кафедра ветеринарной медицины\r\n', '1', 1, 'hz', NULL),
(14, 'Кафедра восточных языков\r\n', '1', 15, 'hz', NULL),
(15, 'Кафедра географии, картографии и геоинформатики\r\n', '1', 6, 'hz', NULL),
(16, 'Кафедра гражданского права\r\n', '1', 9, 'hz', NULL),
(17, 'Кафедра графического дизайна\r\n', '1', 2, 'hz', NULL),
(18, 'Кафедра дошкольного и начального образования\r\n', '1', 17, 'hz', NULL),
(19, 'Кафедра информационной безопасности\r\n', '1', 5, 'hz', NULL),
(20, 'Кафедра информационных технологий\r\n', '1', 5, 'hz', NULL),
(21, 'Кафедра истории России\r\n', '1', 11, 'hz', NULL),
(22, 'Кафедра конфликтологии и организационной психологии\r\n', '1', 13, 'hz', NULL),
(23, 'Кафедра коррекционной педагогики\r\n', '1', 17, 'hz', NULL),
(24, 'Кафедра культурологии\r\n', '1', 14, 'hz', NULL),
(25, 'Кафедра литературы\r\n', '1', 10, 'hz', NULL),
(26, 'Кафедра математики и методики ее преподавания\r\n', '1', 5, 'hz', NULL),
(27, 'Кафедра материаловедения и технологии сварки\r\n', '1', 16, 'hz', NULL),
(28, 'Кафедра международного права\r\n', '1', 9, 'hz', NULL),
(29, 'Кафедра менеджмента\r\n', '1', 8, 'hz', NULL),
(30, 'Кафедра мировой экономики и финансов\r\n', '1', 7, 'hz', NULL),
(31, 'Кафедра немецкой филологии\r\n', '1', 15, 'hz', NULL),
(32, 'Кафедра общей и когнитивной психологии\r\n', '1', 13, 'hz', NULL),
(33, 'Кафедра общей физики\r\n', '1', 16, 'hz', NULL),
(34, 'Кафедра политологии и международных отношений\r\n\r\n', '1', 14, 'hz', NULL),
(35, 'Кафедра прикладной математики, информатики и управления качеством\r\n', '1', 5, '', NULL),
(36, 'Кафедра романской филологии\r\n', '1', 15, 'hz', NULL),
(37, 'Кафедра русского языка как иностранного\r\n', '1', 10, 'hz', NULL),
(38, 'Кафедра современного русского языка\r\n', '1', 10, 'hz', NULL),
(39, 'Кафедра социальной педагогики и психологии\r\n', '1', 17, 'hz', NULL),
(40, 'Кафедра социологии\r\n', '1', 14, 'hz', NULL),
(41, 'Кафедра теоретической физики и методики преподавания\r\n', '1', 16, 'hz', NULL),
(42, 'Кафедра теории и истории государства и права\r\n', '1', 9, 'hz', NULL),
(43, 'Кафедра теории и истории журналистики\r\n', '1', 10, 'hz', NULL),
(44, 'Кафедра уголовного права\r\n', '1', 9, 'hz', NULL),
(45, 'Кафедра физической культуры\r\n', '1', 18, 'hz', NULL),
(46, 'Кафедра философии\r\n', '1', 14, 'hz', NULL),
(47, 'Кафедра экологии, природопользования, землеустройства и безопасности жизнедеятельности\r\n', '1', 6, 'hz', NULL),
(48, 'Кафедра экономической теории\r\n', '1', 7, 'hz', NULL),
(49, 'Кафедра электротехники, электроники и автоматики\r\n', '1', 16, 'hz', NULL);

-- --------------------------------------------------------

--
-- Структура таблицы `roles`
--

CREATE TABLE `roles` (
  `id` int(11) NOT NULL,
  `title` varchar(255) NOT NULL
) ENGINE=InnoDB DEFAULT CHARSET=utf8;

--
-- Дамп данных таблицы `roles`
--

INSERT INTO `roles` (`id`, `title`) VALUES
(1, 'Администратор'),
(2, 'Сотрудник УМУ'),
(3, 'Эксперт'),
(4, 'Преподаватель');

-- --------------------------------------------------------

--
-- Структура таблицы `roles_users`
--

CREATE TABLE `roles_users` (
  `user_id` int(11) NOT NULL,
  `role_id` int(11) NOT NULL,
  `id` int(11) NOT NULL
) ENGINE=InnoDB DEFAULT CHARSET=utf8;

--
-- Дамп данных таблицы `roles_users`
--

INSERT INTO `roles_users` (`user_id`, `role_id`, `id`) VALUES
(1, 1, 1),
(2, 2, 2),
(2, 4, 3),
(3, 4, 4),
(4, 3, 5),
(4, 4, 6),
(5, 1, 7),
(5, 2, 8),
(5, 3, 9),
(5, 4, 10),
(7, 2, 12),
(8, 4, 13),
(9, 4, 14),
(10, 4, 15),
(6, 3, 27),
(6, 4, 28),
(11, 2, 29),
(13, 2, 31),
(14, 3, 32),
(12, 4, 34),
(15, 2, 35);

-- --------------------------------------------------------

--
-- Структура таблицы `sc_levels`
--

CREATE TABLE `sc_levels` (
  `id` int(11) NOT NULL,
  `title` varchar(255) NOT NULL
) ENGINE=InnoDB DEFAULT CHARSET=utf8;

--
-- Дамп данных таблицы `sc_levels`
--

INSERT INTO `sc_levels` (`id`, `title`) VALUES
(1, 'Кандидат наук'),
(2, 'Доктор наук');

-- --------------------------------------------------------

--
-- Структура таблицы `sc_titles`
--

CREATE TABLE `sc_titles` (
  `id` int(11) NOT NULL,
  `title` varchar(255) NOT NULL
) ENGINE=InnoDB DEFAULT CHARSET=utf8;

--
-- Дамп данных таблицы `sc_titles`
--

INSERT INTO `sc_titles` (`id`, `title`) VALUES
(1, 'Доцент'),
(2, 'Профессор');

-- --------------------------------------------------------

--
-- Структура таблицы `statuses`
--

CREATE TABLE `statuses` (
  `id` int(11) NOT NULL,
  `title` varchar(255) NOT NULL
) ENGINE=InnoDB DEFAULT CHARSET=utf8;

--
-- Дамп данных таблицы `statuses`
--

INSERT INTO `statuses` (`id`, `title`) VALUES
(1, 'Черновик'),
(2, 'На проверке'),
(3, 'Проверен');

-- --------------------------------------------------------

--
-- Структура таблицы `study_levels`
--

CREATE TABLE `study_levels` (
  `id` int(11) NOT NULL,
  `title` varchar(255) NOT NULL
) ENGINE=InnoDB DEFAULT CHARSET=utf8;

--
-- Дамп данных таблицы `study_levels`
--

INSERT INTO `study_levels` (`id`, `title`) VALUES
(1, 'бакалавр'),
(2, 'магистр'),
(3, 'специалитет');

-- --------------------------------------------------------

--
-- Структура таблицы `study_types`
--

CREATE TABLE `study_types` (
  `id` int(11) NOT NULL,
  `title` varchar(255) NOT NULL
) ENGINE=InnoDB DEFAULT CHARSET=utf8;

--
-- Дамп данных таблицы `study_types`
--

INSERT INTO `study_types` (`id`, `title`) VALUES
(1, 'очно'),
(2, 'заочно'),
(3, 'очно-заочно');

-- --------------------------------------------------------

--
-- Структура таблицы `subjects`
--

CREATE TABLE `subjects` (
  `id` int(11) NOT NULL,
  `title` varchar(255) NOT NULL,
  `part_id` int(11) NOT NULL,
  `teachers` varchar(255) NOT NULL
) ENGINE=InnoDB DEFAULT CHARSET=utf8;

-- --------------------------------------------------------

--
-- Структура таблицы `users`
--

CREATE TABLE `users` (
  `id` int(11) NOT NULL,
  `login` varchar(255) NOT NULL,
  `password` varchar(255) NOT NULL,
  `name` varchar(255) NOT NULL,
  `surname` varchar(255) NOT NULL,
  `lastname` varchar(255) NOT NULL,
  `email` varchar(255) NOT NULL,
  `phone` varchar(255) NOT NULL,
  `pulpit_id` int(11) DEFAULT NULL,
  `faculty_id` int(11) DEFAULT NULL,
  `opop_manager` int(1) DEFAULT NULL,
  `sc_title` int(11) DEFAULT NULL,
  `sc_level` int(11) DEFAULT NULL,
  `deleted` int(1) DEFAULT '0'
) ENGINE=InnoDB DEFAULT CHARSET=utf8;

--
-- Дамп данных таблицы `users`
--

INSERT INTO `users` (`id`, `login`, `password`, `name`, `surname`, `lastname`, `email`, `phone`, `pulpit_id`, `faculty_id`, `opop_manager`, `sc_title`, `sc_level`, `deleted`) VALUES
(1, 'admin', '6524341b411c77cdbd9dbc15f522c7b3', 'Алихан', 'Пешхоев', 'Асламбекович', 'al.pes@bk.ru', '+79640273064', NULL, NULL, NULL, NULL, NULL, 0),
(2, 'user_2', '15e1576abc700ddfd9438e6ad1c86100', 'jklkh', 'klhkjlhklj', 'hjkhklhlkjh', ',jbjhljhl', '656665', 1, 1, 1, 1, 1, 1),
(3, 'user_3', 'a6f601b7c855d45c6b5b182ab32a67c0', 'New', 'User', 'Name', 'somemail@mail.ru', '+79995556633', 1, 1, 1, 1, 1, 1),
(4, 'user_4', 'bb640eb8250ff322567a401240dd6a2e', 'Name', 'Surname', 'Lastnamw', 'mail', 'phone', 1, 1, 1, 2, 1, 1),
(5, 'user_5', 'fa890200036e527ebb5cba50e1c0450f', 'Елена', 'Просвирина', 'Александровна', 'fdghjbkml;', '88005553535', 1, 1, 1, 2, 1, 1),
(6, 'user_6', '1ab162d05561afc0289e1533693b197c', 'Светлана', 'Окладникова', 'Владимировна', 'chelle@mail.ru', '99999999', 20, 5, 1, 1, 1, 1),
(7, 'user_7', '0af19a1d9258ce39a8527107a9356259', 'Имя', 'Фамильев', 'Отчествович', 'fio@mail.ru', '+79996665544', 1, 1, 1, 1, 1, 1),
(8, 'user_8', '21e3e8ec2a3609aac4fb1b9dfc3767ca', 'Людмила', 'Товарниченко', 'Викторовна', 'mail', '123456789', 1, 1, NULL, 1, 1, 1),
(9, 'user_9', '76df56a2b96dc2ebf3f1f57b59a3b144', 'Иван', 'Иванов', 'Иванович', 'ivanov@mail.ru', '+796622233', NULL, NULL, NULL, 1, 1, 0),
(10, 'user_10', '143992f0e4bb5c632a679004c9a9bc0f', 'Иван', 'Иванов', 'Иванович', 'ivanov@mail.ru', '+79662223355', 4, 2, 1, 1, 1, 1),
(11, 'ivanov', '4dfe6e220d16e7b633cfdd92bcc8050b', 'Иван', 'Иванов', 'Иванович', 'ivanov@mail.ru', '111-111-111', 17, 2, 1, 1, 1, 0),
(12, 'petrov', 'f396c3b74762b1fee69b10abb875139b', 'Петр', 'Петров', 'Алексеевич', 'petrov@mail.ru', '222-222-222', 1, 1, 1, 2, 1, 0),
(13, 'user_13', '684190abff94c96d2ecfb4734536a34c', 'тест', 'тест', 'тестович', 'test@mail.ru', '111-111-111', NULL, NULL, NULL, 1, 1, 0),
(14, 'user_14', '7f6ba2374190223ae6eb3445699291aa', 'Сидор', 'Сидоров', 'Сидорович', 'sidor@mail.ru', '333-333-333', 13, 1, NULL, 2, 1, 0),
(15, 'sokolov', '1de7e58ca976e7a5b73cbe46460a1b1c', 'Олег', 'Соколов', 'Олегович', 'sokolov@mail.ru', '444-444-444', 1, 1, NULL, 2, 2, 0);

--
-- Индексы сохранённых таблиц
--

--
-- Индексы таблицы `directions`
--
ALTER TABLE `directions`
  ADD PRIMARY KEY (`id`);

--
-- Индексы таблицы `docs_templates`
--
ALTER TABLE `docs_templates`
  ADD PRIMARY KEY (`id`),
  ADD KEY `docs_templates_fk0` (`user_id`),
  ADD KEY `docs_templates_fk1` (`study_level`),
  ADD KEY `docs_templates_fk2` (`study_type`);

--
-- Индексы таблицы `documents`
--
ALTER TABLE `documents`
  ADD PRIMARY KEY (`id`),
  ADD KEY `documents_fk0` (`user_id`),
  ADD KEY `documents_fk1` (`template_id`);

--
-- Индексы таблицы `doc_parts`
--
ALTER TABLE `doc_parts`
  ADD PRIMARY KEY (`id`);

--
-- Индексы таблицы `faculties`
--
ALTER TABLE `faculties`
  ADD PRIMARY KEY (`id`);

--
-- Индексы таблицы `opop_managers`
--
ALTER TABLE `opop_managers`
  ADD PRIMARY KEY (`id`);

--
-- Индексы таблицы `parts`
--
ALTER TABLE `parts`
  ADD PRIMARY KEY (`id`);

--
-- Индексы таблицы `posts`
--
ALTER TABLE `posts`
  ADD PRIMARY KEY (`id`);

--
-- Индексы таблицы `posts_users`
--
ALTER TABLE `posts_users`
  ADD PRIMARY KEY (`id`);

--
-- Индексы таблицы `profiles`
--
ALTER TABLE `profiles`
  ADD PRIMARY KEY (`id`);

--
-- Индексы таблицы `pulpits`
--
ALTER TABLE `pulpits`
  ADD PRIMARY KEY (`id`),
  ADD KEY `pulpits_fk0` (`faculty_id`);

--
-- Индексы таблицы `roles`
--
ALTER TABLE `roles`
  ADD PRIMARY KEY (`id`);

--
-- Индексы таблицы `roles_users`
--
ALTER TABLE `roles_users`
  ADD PRIMARY KEY (`id`),
  ADD KEY `roles_users_fk0` (`user_id`),
  ADD KEY `roles_users_fk1` (`role_id`);

--
-- Индексы таблицы `sc_levels`
--
ALTER TABLE `sc_levels`
  ADD PRIMARY KEY (`id`);

--
-- Индексы таблицы `sc_titles`
--
ALTER TABLE `sc_titles`
  ADD PRIMARY KEY (`id`);

--
-- Индексы таблицы `statuses`
--
ALTER TABLE `statuses`
  ADD PRIMARY KEY (`id`);

--
-- Индексы таблицы `study_levels`
--
ALTER TABLE `study_levels`
  ADD PRIMARY KEY (`id`);

--
-- Индексы таблицы `study_types`
--
ALTER TABLE `study_types`
  ADD PRIMARY KEY (`id`);

--
-- Индексы таблицы `subjects`
--
ALTER TABLE `subjects`
  ADD PRIMARY KEY (`id`);

--
-- Индексы таблицы `users`
--
ALTER TABLE `users`
  ADD PRIMARY KEY (`id`),
  ADD UNIQUE KEY `login` (`login`),
  ADD KEY `users_fk0` (`pulpit_id`),
  ADD KEY `users_fk1` (`faculty_id`),
  ADD KEY `users_fk2` (`sc_title`),
  ADD KEY `users_fk3` (`sc_level`);

--
-- AUTO_INCREMENT для сохранённых таблиц
--

--
-- AUTO_INCREMENT для таблицы `directions`
--
ALTER TABLE `directions`
  MODIFY `id` int(11) NOT NULL AUTO_INCREMENT, AUTO_INCREMENT=112;

--
-- AUTO_INCREMENT для таблицы `docs_templates`
--
ALTER TABLE `docs_templates`
  MODIFY `id` int(11) NOT NULL AUTO_INCREMENT, AUTO_INCREMENT=11;

--
-- AUTO_INCREMENT для таблицы `documents`
--
ALTER TABLE `documents`
  MODIFY `id` int(11) NOT NULL AUTO_INCREMENT, AUTO_INCREMENT=16;

--
-- AUTO_INCREMENT для таблицы `doc_parts`
--
ALTER TABLE `doc_parts`
  MODIFY `id` int(11) NOT NULL AUTO_INCREMENT, AUTO_INCREMENT=8;

--
-- AUTO_INCREMENT для таблицы `faculties`
--
ALTER TABLE `faculties`
  MODIFY `id` int(11) NOT NULL AUTO_INCREMENT, AUTO_INCREMENT=20;

--
-- AUTO_INCREMENT для таблицы `opop_managers`
--
ALTER TABLE `opop_managers`
  MODIFY `id` int(11) NOT NULL AUTO_INCREMENT, AUTO_INCREMENT=28;

--
-- AUTO_INCREMENT для таблицы `parts`
--
ALTER TABLE `parts`
  MODIFY `id` int(11) NOT NULL AUTO_INCREMENT, AUTO_INCREMENT=13;

--
-- AUTO_INCREMENT для таблицы `posts`
--
ALTER TABLE `posts`
  MODIFY `id` int(11) NOT NULL AUTO_INCREMENT, AUTO_INCREMENT=3;

--
-- AUTO_INCREMENT для таблицы `posts_users`
--
ALTER TABLE `posts_users`
  MODIFY `id` int(11) NOT NULL AUTO_INCREMENT, AUTO_INCREMENT=13;

--
-- AUTO_INCREMENT для таблицы `profiles`
--
ALTER TABLE `profiles`
  MODIFY `id` int(11) NOT NULL AUTO_INCREMENT, AUTO_INCREMENT=3;

--
-- AUTO_INCREMENT для таблицы `pulpits`
--
ALTER TABLE `pulpits`
  MODIFY `id` int(11) NOT NULL AUTO_INCREMENT, AUTO_INCREMENT=50;

--
-- AUTO_INCREMENT для таблицы `roles`
--
ALTER TABLE `roles`
  MODIFY `id` int(11) NOT NULL AUTO_INCREMENT, AUTO_INCREMENT=5;

--
-- AUTO_INCREMENT для таблицы `roles_users`
--
ALTER TABLE `roles_users`
  MODIFY `id` int(11) NOT NULL AUTO_INCREMENT, AUTO_INCREMENT=36;

--
-- AUTO_INCREMENT для таблицы `sc_levels`
--
ALTER TABLE `sc_levels`
  MODIFY `id` int(11) NOT NULL AUTO_INCREMENT, AUTO_INCREMENT=3;

--
-- AUTO_INCREMENT для таблицы `sc_titles`
--
ALTER TABLE `sc_titles`
  MODIFY `id` int(11) NOT NULL AUTO_INCREMENT, AUTO_INCREMENT=3;

--
-- AUTO_INCREMENT для таблицы `statuses`
--
ALTER TABLE `statuses`
  MODIFY `id` int(11) NOT NULL AUTO_INCREMENT, AUTO_INCREMENT=4;

--
-- AUTO_INCREMENT для таблицы `study_levels`
--
ALTER TABLE `study_levels`
  MODIFY `id` int(11) NOT NULL AUTO_INCREMENT, AUTO_INCREMENT=4;

--
-- AUTO_INCREMENT для таблицы `study_types`
--
ALTER TABLE `study_types`
  MODIFY `id` int(11) NOT NULL AUTO_INCREMENT, AUTO_INCREMENT=4;

--
-- AUTO_INCREMENT для таблицы `users`
--
ALTER TABLE `users`
  MODIFY `id` int(11) NOT NULL AUTO_INCREMENT, AUTO_INCREMENT=16;

--
-- Ограничения внешнего ключа сохраненных таблиц
--

--
-- Ограничения внешнего ключа таблицы `docs_templates`
--
ALTER TABLE `docs_templates`
  ADD CONSTRAINT `docs_templates_fk0` FOREIGN KEY (`user_id`) REFERENCES `users` (`id`),
  ADD CONSTRAINT `docs_templates_fk1` FOREIGN KEY (`study_level`) REFERENCES `study_levels` (`id`),
  ADD CONSTRAINT `docs_templates_fk2` FOREIGN KEY (`study_type`) REFERENCES `study_types` (`id`);

--
-- Ограничения внешнего ключа таблицы `documents`
--
ALTER TABLE `documents`
  ADD CONSTRAINT `documents_fk0` FOREIGN KEY (`user_id`) REFERENCES `users` (`id`),
  ADD CONSTRAINT `documents_fk1` FOREIGN KEY (`template_id`) REFERENCES `docs_templates` (`id`);

--
-- Ограничения внешнего ключа таблицы `pulpits`
--
ALTER TABLE `pulpits`
  ADD CONSTRAINT `pulpits_fk0` FOREIGN KEY (`faculty_id`) REFERENCES `faculties` (`id`);

--
-- Ограничения внешнего ключа таблицы `roles_users`
--
ALTER TABLE `roles_users`
  ADD CONSTRAINT `roles_users_fk0` FOREIGN KEY (`user_id`) REFERENCES `users` (`id`),
  ADD CONSTRAINT `roles_users_fk1` FOREIGN KEY (`role_id`) REFERENCES `roles` (`id`);

--
-- Ограничения внешнего ключа таблицы `users`
--
ALTER TABLE `users`
  ADD CONSTRAINT `users_fk0` FOREIGN KEY (`pulpit_id`) REFERENCES `pulpits` (`id`),
  ADD CONSTRAINT `users_fk1` FOREIGN KEY (`faculty_id`) REFERENCES `faculties` (`id`),
  ADD CONSTRAINT `users_fk2` FOREIGN KEY (`sc_title`) REFERENCES `sc_titles` (`id`),
  ADD CONSTRAINT `users_fk3` FOREIGN KEY (`sc_level`) REFERENCES `sc_levels` (`id`);
COMMIT;

/*!40101 SET CHARACTER_SET_CLIENT=@OLD_CHARACTER_SET_CLIENT */;
/*!40101 SET CHARACTER_SET_RESULTS=@OLD_CHARACTER_SET_RESULTS */;
/*!40101 SET COLLATION_CONNECTION=@OLD_COLLATION_CONNECTION */;
